SMILES	Name	Risk_A_%	Risk_B_%	Risk_C_%	Risk_D_%	Risk_E_%
CCCCNC(=O)C1CCCN(C(=O)CCC(C)C)C1	ZINC50764925	28	31	17	55	12
COC(=O)c1cccc(CN2C(=O)NC(C)(c3ccc4c(c3)OCCO4)C2=O)c1	ZINC06394508	28	29	49	27	72
COc1cccc(N2CCN(C(=O)c3cnc(C)nc3C)C(C)C2=O)c1	ZINC65375610	34	28	25	24	36
CCc1c(C(=O)N2CCC(C(=O)NC)CC2)cnn1-c1ccccn1	ZINC31820077	30	23	36	35	26
CCN(C(C)=O)C1CC[NH+](Cc2ccc(C(=O)Nc3c(C)noc3C)cc2)C1	ZINC65395084	7	15	18	41	27
CCc1ccc(C=C2C(=O)N(C)C(=S)N2CC(=O)OC)s1	ZINC00205726	39	49	37	34	47
NC(=O)C1CCCCC1C(F)(F)F	ZINC01458151	22	19	41	27	8
Cc1ccccc1-c1noc(C[NH2+]Cc2ccc(S(N)(=O)=O)cc2)n1	ZINC65509149	44	42	49	31	50
CC(=O)Nc1ccc2nc(NC(=O)C3CC3c3ccco3)sc2c1	ZINC65513427	56	36	44	44	63
CC(CNC(=O)CCCc1nc(-c2ccco2)no1)N(C)c1ccccc1	ZINC65527100	73	46	44	46	71
C[NH+](C)C(Cc1ccccc1)C(=O)NNC(=O)c1ccccc1O	ZINC65575740	44	56	43	47	50
Cc1nn(C)c(NC(C)c2ccc(C(F)(F)F)cc2)c1[N+](=O)[O-]	ZINC51855056	56	66	47	48	61
Cc1ccc(CNC(=O)C2=NOC(Cc3nc(-c4cccc(Br)c4)no3)C2)cc1	ZINC66088382	70	49	75	34	84
CCn1cc(NC(=O)c2cn(CC)nc2C)c(C(N)=O)n1	ZINC02782238	21	9	18	25	8
O=S(=O)(NCC(c1cccs1)N1CCc2ccccc21)c1ccc(F)cc1	ZINC04305585	56	87	78	83	82
Cc1sc(Nc2ccc([N+](=O)[O-])cc2)nc1-c1ccc(C)cc1	ZINC67321987	78	81	55	33	56
CCn1cc(C(=O)N(C)Cc2ccccc2)c(S(=O)(=O)N2CCN(c3cc(C)ccc3C)CC2)n1	ZINC67337455	5	63	66	28	88
COC(=O)c1cc(C2CC(=O)Nc3cc4c(cc32)OCC(=O)N4)ccc1O	ZINC67472949	40	25	36	33	42
CC[NH+](CC)Cc1cnc2c(C(=O)N3CCNC(=O)C3C)cnn2c1	ZINC67514210	19	18	27	36	12
C#Cc1cccc(NC(=O)NC2CCCN(S(C)(=O)=O)C2)c1	ZINC67562796	20	23	35	27	18
Cc1n[nH]c(C)c1C(NS(=O)(=O)N1CCCC1)C(=O)[O-]	ZINC67640948	5	15	13	22	6
CC(C)CN1CC(C(=O)NC2CCC(n3cnnc3)CC2)CC1=O	ZINC67674610	8	7	24	28	15
N#Cc1ccnc(N2CCCC(c3[nH]ncc3-c3ccc(F)cc3)C2)c1	ZINC67756512	80	66	56	74	76
Cc1csc(N(C(=O)C2CC(=O)N(Cc3ccccc3)C2)c2ccccc2)n1	ZINC06606875	36	59	68	60	60
CNC(=O)C1CC([NH3+])CN1Cc1cnn(-c2cccc(Cl)c2)c1	ZINC67834297	44	26	35	34	36
Cc1[nH+]cc(CO)c(CN2CCCC(c3nc4ccccc4o3)C2)c1[O-]	ZINC67842136	39	45	39	63	39
CN1CC2CCC(CC1=O)N2C(=O)c1c[nH]c(=O)cn1	ZINC67868591	9	9	7	12	5
Cc1nc(C[NH+](C)CC2(O)CCCN(CCCc3ccccc3)C2=O)no1	ZINC67895768	11	25	33	51	37
O=C(CCn1cncn1)NCC1CCC[NH+](C2CCCCC2)C1	ZINC67909110	10	14	26	36	18
O=C(CF)NC([NH+]1CCOCC1)C(Cl)(Cl)Cl	ZINC00284850	14	22	49	32	21
CCNc1ccc(C(=O)NCCCN2CCCC2=O)cc1[N+](=O)[O-]	ZINC06570052	17	25	30	44	18
COc1cc(C(=O)N2CCCC(C(N)=O)C2)cc(OC)c1C	ZINC48088125	40	26	26	40	18
CN1C(=O)C2(Cc3ccccc3N3CCCCC32)C(=O)N(C)C1=S	ZINC06661860	15	30	35	46	23
COC(=O)c1ccccc1NC(=O)C=Cc1ccc(Cl)cc1	ZINC00064042	76	82	56	45	62
COc1ccccc1N1C(=O)C2C(C1=O)C1(c3ccccc3)C=CC2C2C(=O)N(c3ccccc3OC)C(=O)C21	ZINC68582883	11	43	64	33	75
Cc1c(Br)cc(Br)cc1C(F)(F)F	ZINC02382400	61	46	54	39	24
COc1cc(C2SC(C)C(=O)Nc3[nH]nc(C)c32)cc(OC)c1O	ZINC06678583	45	28	48	44	37
O=C(CNc1ccc(F)c(Cl)c1)Nc1ccc(OC(F)F)cc1	ZINC07972626	75	57	60	61	54
CCOc1ccc(C(=O)NCC(=O)NCCOC)cc1	ZINC17321557	36	18	18	40	17
CCCN(CCC)C(=O)CNC(=O)Cc1cccc2ccccc21	ZINC68883969	62	62	42	70	68
CC(=O)c1ccc(S(=O)(=O)N2CCCCC2C(=O)NC2CCCc3ccccc32)cc1	ZINC24016999	9	49	62	55	85
Cc1ccccc1C(=O)NCC(=O)NCCNC(=O)C(C)C	ZINC68966127	19	11	14	48	14
COCC(C)NC(=O)CCNS(=O)(=O)c1ccccc1	ZINC36684132	10	11	20	35	15
CC(C)C(C)(C#N)NC(=O)CSc1nnc(NCc2ccccc2)s1	ZINC03490833	36	40	53	51	52
COC(=O)c1cc(NC(=O)c2nc3ncccn3n2)cc(C(=O)OC)c1	ZINC06720928	28	26	24	27	31
CC(O)CNc1[nH+]c2ccccc2n1CCCn1cncn1	ZINC48343076	52	42	14	40	39
CCc1c(-c2cccs2)nc2ccc(Br)cc2c1C(=O)[O-]	ZINC00685660	57	74	57	50	40
COC(=O)CCCCNC(=O)N1CCSCC1	ZINC69245205	14	17	17	22	7
CCCCS(=O)(=O)Nc1cc(Cl)ccc1Cl	ZINC06742088	42	51	48	47	27
CC(Oc1ccc(Br)cc1)C(=O)Nc1ccc2c(c1)NC(=O)CO2	ZINC69323649	57	61	66	52	62
O=C(COc1ccc(C(=O)NC2CCCC2)cc1)N1CCNC1=O	ZINC69367382	14	15	15	36	5
CC(Cn1cccn1)[NH2+]CC(=O)N1CCC(c2ccccc2)=N1	ZINC69419311	40	42	24	46	51
CC(C)c1ccc(N2C(SCC(=O)N(C)C)=NC3CS(=O)(=O)CC32)cc1	ZINC06719422	7	18	30	38	16
O=C(Cn1cnc2sccc2c1=O)NCc1cn2ccccc2[nH+]1	ZINC23792296	54	33	37	17	52
NC(=O)CCc1nnc(SCc2cn(-c3ccccc3)nc2-c2ccccc2)n1CC1CCCO1	ZINC69525594	9	37	67	34	87
CCc1nnc2n1CCN(C(=O)c1nc(-c3ccco3)sc1C)C2	ZINC69659208	46	30	44	22	51
CCCCCNC(=O)N1CCCC1CO	ZINC69699688	18	15	15	24	2
O=C(NCc1nnc2ccccn21)c1ccccc1OC(F)F	ZINC23239554	59	54	34	41	55
COc1ccccc1CNC(=O)C1CCCN1c1nn2c(nc(C)cc2=O)s1	ZINC06807237	25	13	35	28	36
CC(C)(C)C(O)CN1CCN(C(=O)CCC2CCCO2)CC1	ZINC69770347	13	19	21	48	14
O=C(NCc1ccncc1)NCc1ccc(F)c(Cl)c1	ZINC69775698	61	42	38	43	63
CC[NH+]1CCCC1CNC(=O)c1nnc(Cc2cc(OC)c(OC)c(OC)c2)o1	ZINC06821587	22	25	19	34	27
CCc1ccc(-c2nc(CC(=O)Nc3ccc(N4CCCC4=O)c(OC)c3)cs2)cc1	ZINC22284331	27	62	65	67	92
Cn1ccc(C(=O)N2CCN(c3ncccn3)CC2)n1	ZINC02779238	32	12	18	12	22
Cc1ccc(NC(=O)c2cnc3c(cnn3C3CCCC3)c2)c(OCC2CCCO2)c1	ZINC69949173	23	38	43	42	78
CCC(CC)c1cc(C[NH3+])on1	ZINC69970250	19	9	17	18	3
Cn1c2ccccc2nc1CN1CCCC1Cn1cccn1	ZINC70039406	64	52	31	72	55
Cc1nn(CCNC(=O)c2ccccc2C)c(C)c1Br	ZINC02796227	62	60	41	50	54
O=C(c1cc(Br)ccc1F)N1CCN(CC2CCCO2)CC1	ZINC70748941	13	38	28	47	19
CC(=O)c1ccccc1NCC(=O)N1CCCCCCC1	ZINC70948092	28	38	20	72	28
O=C(Cn1nc(-c2ccccc2Cl)ccc1=O)Nc1ccc(Cl)cc1	ZINC71281140	83	70	87	42	63
CSC(Nc1cccc(C)c1)=C(C#N)S(=O)(=O)c1ccc(C(C)(C)C)cc1	ZINC71328718	35	80	80	68	88
COc1ccc(-n2nc(C(=O)N3CCOCC3)c(=NS(=O)(=O)c3ccc(F)cc3)s2)cc1	ZINC16957259	23	21	51	19	48
CN(Cc1cc[nH]n1)c1nc(-c2ccncc2)nc2c1CC[NH2+]C2	ZINC71479656	63	31	27	46	55
Cc1nnsc1C(=O)N1CCCC(CCc2ccc(F)cc2)C1	ZINC71498716	28	52	41	56	55
Cc1ccc(S(=O)(=O)C2CC[NH2+]C2)cc1C	ZINC71549640	13	38	15	32	6
C=C(C)C1CC=C(C)C(=NNC(=O)CCCNc2ccc(Br)cc2)C1	ZINC07079182	42	65	80	82	71
Cc1cc(C2Nc3ccccc3C(=O)N2C2CC2)c(C)n1-c1ccnn1C(C)C	ZINC07088387	26	44	47	47	63
Cc1nnc2n1CCN(c1nc(C)cc(C3CCC3)n1)CC2	ZINC71747397	39	39	35	42	44
CCOC(=O)C(CC#N)(C(=O)OCC)c1ccccc1	ZINC38438784	40	47	21	26	30
COP(=O)([O-])N=Nc1cccc(Cl)c1	ZINC71780493	21	19	19	26	15
O=Cn1cc(CC(NC(=O)OCC2c3ccccc3-c3ccccc32)C(=O)[O-])c2ccccc21	ZINC71788161	19	62	78	29	36
COC(=O)c1ccc(Oc2ccc([N+](=O)[O-])cc2)nn1	ZINC71790351	48	40	24	17	45
COC(=O)c1ccc2c(c1)nc(SCc1csc(C)n1)n(Cc1ccccc1Cl)c2=O	ZINC71799730	40	57	87	31	84
CC1(C)C2CCC1(C)C(NS(=O)(=O)c1ccc(S(N)(=O)=O)cc1)C2	ZINC52781885	11	36	39	39	41
CC(C)(CNc1ncc(C(F)(F)F)cc1Cl)C(N)=O	ZINC71811102	40	34	34	46	28
Cc1ccc(C(CNC(=O)Cc2ccccc2Cl)N2CCOCC2)o1	ZINC71813792	44	45	45	68	65
O=c1c(C(F)(F)F)cc(C2CC2)nn1C[NH+]1CCc2ccccc2C1	ZINC71817257	52	56	47	60	53
COc1ccc2cc(CNC(=O)c3cccc(N4CCCC4=O)c3)ccc2c1	ZINC11125709	45	65	66	64	85
COc1cc2c(cc1OC)CCN(C(=O)CN1CCCC1=O)CC2	ZINC56462213	30	31	28	49	13
COC(=O)CCCN(C)C(=O)C(NC(=O)c1cccs1)C(C)C	ZINC25072872	15	12	20	34	16
O=C(CSc1ncc(-c2ccccc2)n1-c1ccccc1Cl)NCC(=O)N1CCCC1	ZINC71832698	41	61	68	55	81
O=C1c2ccccc2C(=O)N1CCCCn1cnc2c(cnn2-c2cccc(C(F)(F)F)c2)c1=O	ZINC71840322	25	38	73	32	81
CC(=O)Nc1cccc(CNC(=O)NC(C)C2CCCO2)c1	ZINC48567140	20	20	13	39	8
Cc1ccc(OCCC(=O)N2CCN(C3CCS(=O)(=O)C3)CC2)c(C)c1	ZINC71858523	5	19	18	43	10
Fc1ccccc1-c1csc(C2CC2)n1	ZINC71872679	78	60	55	43	36
O=C(Cn1cnc2c3ccccc3oc2c1=O)NCC(c1ccccc1Cl)N1CCOCC1	ZINC32375708	26	27	76	19	77
O=C(Cc1csc(Cc2cccc(Cl)c2)n1)Nc1nc(-c2ccc3c(c2)OCO3)cs1	ZINC71891381	63	75	71	53	81
COc1ccc(C2CCCN2C(=O)Nc2ccc(C(F)(F)F)cc2)cc1	ZINC43278627	60	73	57	71	51
Cc1ccc(S(=O)(=O)N2CCCC2C(=O)NCCCC[NH+]2CCCCC2C)s1	ZINC71906747	5	30	30	48	27
C[NH+](C)Cc1ccc(CNC(=O)NCC(c2cccs2)[NH+]2CCCC2)cc1	ZINC71913346	18	35	37	61	39
CC1CC[NH+](C(CNC(=O)c2cccnc2N2CCCCC2)c2cccs2)CC1	ZINC71919013	13	37	34	62	71
CC[NH+]1CCN(C(=O)NC(C)C2CCCO2)CC1	ZINC71936878	10	23	11	30	2
CCOc1cc(NC(=O)N2CCOC(C)C2)ccc1OC	ZINC47581862	46	43	25	40	28
Cc1noc(C)c1S(=O)(=O)N1CCC(C(=O)Nc2ccc(-c3cn4cccc(C)c4n3)cc2)CC1	ZINC71963183	15	48	51	40	83
O=C(CCCOc1ccc(Cl)cc1Cl)NCc1cccc(C(=O)NCc2ccco2)c1	ZINC71973691	32	59	87	48	84
CCOC(=O)C1=NN(c2cc(Cl)cc(Cl)c2)C(C(=O)[O-])C1	ZINC71979376	11	22	37	34	15
COc1ccc(F)cc1CSC(C)c1nc(C)no1	ZINC71996452	62	59	40	40	47
O=S(=O)(Cc1coc(-c2cccc(Cl)c2)n1)c1nc2ccccc2[n-]1	ZINC72002643	87	77	76	46	62
Cc1ccc(-c2ccsc2C(=O)Nc2cccc(C3(C)NC(=O)NC3=O)c2)cc1	ZINC72009907	45	53	64	32	65
O=C(NC(c1ccsc1)c1ccc(Cl)cc1)C1Cc2ccccc2O1	ZINC72026977	73	89	79	46	67
O=C(Nc1cccc(CNC(=O)N2CC[NH+](C3CCCC3)CC2)c1)C1CCCO1	ZINC72033440	7	18	13	41	16
O=C(Nc1ccc2nc[nH]c(=O)c2c1)C1CCCN1C(=O)c1cc(Cl)cc(Cl)c1	ZINC72047505	34	34	57	37	46
CC(C)N(C(=O)CCN1c2ccccc2OC(C)C1=O)c1cccc(C#N)c1	ZINC72060510	53	59	56	47	75
Cc1ccc(NC(=O)CNC(=O)c2cc(F)ccc2I)c(Cl)c1	ZINC72069029	54	69	73	50	57
CCN(Cc1ccc(C[NH+](C)C)cc1)C(=O)c1cc(-c2ccc(C)cc2)nc2onc(C)c21	ZINC72092480	24	56	70	47	80
Cc1ccc(Cl)c(OC(C)C(=O)NC2CCCCC2C)c1	ZINC72104077	39	79	47	59	50
CC(C)N(C)C(=O)CC1C(=O)NCC[NH+]1CCCc1ccccc1	ZINC72135181	17	14	30	53	10
CCNC(=O)CN1CC[NH+](Cc2c(Cl)cncc2Cl)CC1	ZINC72143504	25	28	36	59	15
CC1CNC(=O)CCN1c1cc(Cl)c2cc[nH]c2n1	ZINC72147362	62	30	17	43	28
O=C(NC12CC3CC(CC(C3)C1)C2)C1C2C[NH+](Cc3ccoc3)CC21	ZINC72168650	10	37	35	62	27
COCCCC1CCCCN1C(=O)NCCc1ccccc1	ZINC72172717	32	34	19	83	41
Cc1ccc(-n2ncc(C#N)c2Br)cc1	ZINC72190422	90	52	44	61	38
COc1cc(C(N)C(F)(F)F)ccc1C(=O)[O-]	ZINC72195342	17	7	21	32	16
Nc1cc(C2CCC[NH2+]2)ccc1O	ZINC72201502	26	14	7	17	8
COc1c(C2CCCN2C(=O)C2CCc3ccccc32)c(C)nn1C	ZINC72234467	20	51	42	64	72
CCn1cc(NC(=O)C2OCC(=O)N(C)C2c2cccc(F)c2)cn1	ZINC72241666	28	25	38	22	23
COc1ccccc1OCc1ccc(C(=O)NC2CCCCC2C[NH+](C)C)o1	ZINC72245432	28	37	32	60	57
O=S1(=O)CCC(N2CCSC2=Nc2ccc(Cl)cc2)C1	ZINC03426686	20	40	41	56	19
N#Cc1cc(NCC(O)COCC2CC2)nc2ccccc12	ZINC72290346	72	32	18	49	40
CC(C)(C)C(NCC[NH+]1CCCCC1)C(N)=O	ZINC72308968	8	15	3	36	4
COc1ccc(-c2cc(-c3ccc(Cl)cc3)c3ccccc3n2)cc1OC	ZINC72314543	87	88	70	69	70
COc1ccc2cc(C3CC(=O)NC4=C3C(=O)OC4(C)C)c(=O)[nH]c2c1	ZINC72324671	33	25	45	23	38
COC(=O)C1(C)CCC2(C)CC[C@@]3(C)C(=CC(=O)C4C5(C)Cc6c7ccccc7[nH]c6C(C)(C)C5CCC43C)C2C1	ZINC04011508	8	39	45	37	45
Clc1ccc(Cc2nn3c(nnc3C34CC5CC(CC(C5)C3)C4)s2)cc1	ZINC72333557	39	72	55	64	54
Cc1ccc(SCc2[nH]nc3c2[C@@H](c2cc(Br)cs2)C(C#N)=C(N)O3)cc1	ZINC00662500	46	57	62	52	67
CCOC(=O)Cc1n[nH]c2c1[C@@H](c1ccc(F)c(Oc3ccccc3)c1)C(C#N)=C(N)O2	ZINC04010293	44	47	74	28	77
CCC(C(=O)N1CCC(C(=O)c2cccnc2)CC1)c1ccccc1	ZINC72346693	37	50	68	70	64
CCc1nc(-c2cncnc2C2CCCN(C(=O)Cc3ccc(OC)cc3)C2)no1	ZINC72356145	44	31	47	28	61
CC(=O)N1CCN(CC(N)=O)C(c2cccc(C(=O)N(C)C)c2)C1	ZINC72367876	12	12	22	27	14
CC(C)NC(=O)c1sc2ccccc2c1CC1CCCCN1C(=O)c1nonc1[O-]	ZINC72370511	13	37	43	34	60
COCCCN1C(=O)C2C(C(=O)c3ccc(C)cc3)N3c4ccccc4C(C)=C[C@H]3C2C1=O	ZINC13654591	2	42	63	51	86
C=CCc1cc(C[NH+]2CCC(c3cc(=O)[nH]c(-c4ccccn4)n3)CC2)cc(OC)c1O	ZINC72392868	24	41	53	55	62
O=C(c1cnccn1)N1CCC(c2nc([O-])cc(-c3ccc[nH]c3=O)n2)C1	ZINC19293202	25	25	27	26	27
O=S(=O)(C=Cc1ccc(Cl)cc1)N(Cc1ccco1)Cc1cccs1	ZINC07217331	56	89	83	62	85
OCC1CCCCN1C(=S)NCc1ccccc1	ZINC00110318	16	27	36	65	18
CS(=O)(=O)c1ccc2nc(NC(=O)Cn3nc(-c4cccs4)ccc3=O)sc2c1	ZINC49545744	47	32	50	28	57
Cc1cc(=O)c(OCC(=O)N2CCN(C3CCS(=O)(=O)C3)CC2)co1	ZINC72404066	2	21	18	18	4
CSc1ccc(C=C2CN(C(C)C)CC(=Cc3ccc(SC)cc3)C2=O)cc1	ZINC72408125	41	57	62	73	61
O=C([O-])C1(Oc2ccc(F)cc2)CCN(C(=O)C[C@@H]2C=CCC2)CC1	ZINC72411983	14	29	32	51	13
Cc1ccccc1-c1noc(CCC(=O)N2CC3CCC(C2)N(C)C3=O)n1	ZINC72421623	22	12	34	39	37
Cc1ncsc1CCN(C)C(=O)C(C)Sc1nc(C)cc(=O)[nH]1	ZINC72426115	27	16	38	46	34
CSc1ncc(Cn2ccnc2-c2cc3n(n2)CC[NH2+]C3)n1C	ZINC72435482	42	26	28	39	36
Cc1cc(N2CCN(C(=O)Cc3ccc(Cl)cc3)CC2)nc(N2CCCCC2)n1	ZINC72441611	13	26	44	68	39
COc1cc(C(=O)N2CCOCC2CC(=O)NC2CCC2)ccn1	ZINC72472882	11	18	24	31	10
CCc1noc(C)c1C(=O)N1CCN(C(=O)C2CC2)C2CS(=O)(=O)CC21	ZINC72479115	4	15	15	22	9
CCOc1cccc2cc(C(C)NC(=O)Cc3csc(C)n3)oc21	ZINC72755164	78	51	55	45	69
NNC(=O)Cn1cnc2nc(N3CCC(C(=O)NC4CC4)CC3)sc2c1=O	ZINC73668070	14	12	17	28	11
CC(=O)c1cccc(S(=O)(=O)Nc2ccccc2C(=O)NC2CC2)c1	ZINC07054345	33	37	69	28	67
Cc1cccc(-c2cc(OCC(=O)[O-])nc(NC(C)CCc3ccccc3)n2)c1	ZINC73708095	41	51	56	63	33
COc1ccc(S(=O)(=O)NCC(O)c2cccs2)cc1OC	ZINC74558893	41	48	54	42	42
Cc1cc(C)cc(NC(=S)N2CC(C)OC(C)C2)c1	ZINC07522413	21	38	34	78	28
CC(Cn1ccnc1)NC(=O)c1ccc(-c2ccco2)[nH]c1=O	ZINC75125399	56	36	25	30	50
CC(O)(CNC(=O)NCc1cccs1)c1ccco1	ZINC75156350	28	30	26	23	28
CN(C)S(=O)(=O)N1CC2CC1C(=O)O2	ZINC75162573	3	17	16	19	3
CCOC(=O)c1ccc(NC(=O)C[NH+](C)CC(=O)N(CC)CC)cc1	ZINC07591121	33	27	33	40	21
CCOc1ccccc1N1CC(C(=O)Nc2ccccc2C)CC1=O	ZINC03481363	55	50	56	67	70
O=C(NCC(O)c1ccco1)Nc1ccc(OC2CCCC2)c(F)c1	ZINC76070686	51	54	57	41	65
COCCC(C)NC(=O)N1CCN(Cc2ccon2)CC1	ZINC76086892	15	15	13	25	13
CC(NC(=O)c1cc(S(=O)(=O)N(C)C)ccc1Cl)c1cccc2ccccc21	ZINC07791841	48	79	79	55	73
Cc1cnc(NC(=O)COc2ccc(C)cc2C)s1	ZINC07800766	71	68	34	38	43
Cc1cc(CN2C(=O)NC3(CCCCc4ccccc43)C2=O)no1	ZINC07827020	40	35	38	23	57
CC(=O)N1CCC([NH2+]C2COC(CNS(=O)(=O)c3ccc(C)cc3)C2O)CC1	ZINC77264720	4	16	9	25	8
Cc1ccc(C[NH+]2CCC(NC(=O)c3ccncc3)C(O)C2)c(C)c1	ZINC77322510	23	35	37	62	37
Nc1nc2[nH]ncc2c(N2CCC3(CC(=O)N(Cc4ccccc4)C3)CC2)n1	ZINC77378664	20	25	43	40	37
Cc1c(CC[NH2+]CC2(O)CC[NH2+]C2)c2ccccc2n1-c1ccccc1	ZINC77407482	38	43	53	82	51
Cc1ccc(C(=O)N2CCC(C(O)CCc3ccccc3)CC2)cc1O	ZINC77454550	26	42	60	71	53
Cc1cc(=O)c(C(=O)N2CCCCC2CCc2ccccc2)c[nH]1	ZINC77488577	38	51	47	67	69
Cc1cccc(=O)n1CCC(=O)N1CCOCC(O)(C[NH+]2CCCC2)C1	ZINC77554641	3	9	18	32	19
O=C(Cc1ccc(NC(=O)c2cc3cccnn3n2)cc1)NCc1ccco1	ZINC77914743	39	28	50	35	68
O=C(NCc1cccc(-c2ccccc2)c1)c1cc2n(n1)CCS2	ZINC77952398	85	68	48	46	73
CC(C)C(NC(=O)c1cccs1)C(=O)N1CCc2nc(-c3ccccc3)oc2C1	ZINC77972579	56	68	62	39	76
Cc1nc(-c2c[nH]c(C(=O)NCC(C)[NH+]3CCCC(C)C3)c2)cs1	ZINC46954274	34	32	37	53	27
Cc1nn(-c2ccc(Cl)cc2)c(C)c1CC(=O)Nc1cnn(C)c1	ZINC52643824	72	42	42	37	72
CC(NC(=O)c1cccc([N+](=O)[O-])c1)C(=O)NCCc1nnc2ccccn21	ZINC78431535	19	31	26	37	42
CC(=O)C1=C([O-])C(=O)N(CCCOC(C)C)[C@@H]1c1ccc(C(C)C)cc1	ZINC78550072	33	38	36	49	43
O=C(NCc1ccc(Br)cc1F)C1CCC1	ZINC78615778	49	37	27	43	32
COc1ccc(OC)c(CN(CCO)C(=O)C2CCCCCC2)c1	ZINC78646959	43	47	41	82	56
CCCCOc1c(Cl)cc(C(=O)N2CCC(c3nncn3CC)CC2)cc1OCC	ZINC78657391	21	28	44	41	71
COC(=O)CCN(Cc1csc(C2CCCC2)n1)CC1CCCO1	ZINC78728151	13	44	36	51	40
CC(C)NS(=O)(=O)c1ccc(NC(=O)COc2cccc(Cl)c2)cc1	ZINC08087469	37	56	78	46	62
CC(NC(=O)c1ccoc1)c1nc(-c2ccccn2)no1	ZINC78773859	64	36	30	14	64
CCCS(=O)(=O)N=C([O-])Cc1csc(C(C)(C)C)n1	ZINC78868921	12	28	34	31	15
CC(C)c1cnc(CN(C)C2CC[NH+](CCCc3cn[nH]c3)C2)o1	ZINC78892124	20	27	32	71	36
CC[NH+](CC)CC1CCN(C(C)C(=O)NC(c2ccccc2)c2ccccc2)C1	ZINC78950488	15	32	46	82	64
O=C(NCCCS(=O)(=O)Cc1ccccc1)NC1CCS(=O)C1	ZINC78974178	5	21	26	28	7
CC(=O)NCC1CCN(c2cncc(-n3nc(C)cc3C)n2)CC1	ZINC78979729	40	19	20	31	28
Cc1ccc(Sc2ccc(NC(=O)CCCC(=O)NC(C)C)cc2)c(C)c1	ZINC78998483	32	76	81	87	77
CC(C)c1nc(C[NH2+]C(C)CCS(C)=O)cs1	ZINC79073450	21	26	21	48	15
O=S(=O)(Cc1ccccc1)N1CCN(c2nnc(C3CC3)s2)CC1	ZINC79109301	18	41	38	41	45
COc1cc2c(cc1OC)C[NH+](Cc1coc(=O)c(C[NH+]3CCSCC3)c1[O-])CC2	ZINC79192933	18	28	33	40	36
O=C(CCCN1C(=O)NC2(CCCC2)C1=O)N(Cc1ccccc1F)C1CC1	ZINC23955342	4	27	32	28	41
N#Cc1ccc(Cn2cnc3cc([N+](=O)[O-])ccc3c2=O)cc1	ZINC79370047	57	49	55	23	58
O=C(COc1cccc[n+]1[O-])N1N=C(c2ccc(Cl)cc2)CC1c1ccco1	ZINC08223822	46	41	61	31	59
O=C(COc1ccc(-c2ccccc2)cc1)N1CCCC1c1nc2ccccc2s1	ZINC08231758	51	81	79	66	86
COc1ccc(NC(=O)Cc2ccc(OC)cc2OC)cc1	ZINC08274681	88	71	50	54	84
C=CCNC(=O)C(CC(C)C)NS(=O)(=O)c1ccc(C)cc1	ZINC08316848	28	53	43	45	56
Cc1ccc(OCC(=O)Nc2nc(-c3ccccc3)cs2)cc1C	ZINC00274052	90	85	76	41	71
O=[N+]([O-])c1ccc(S(=O)(=O)[N-]c2nc3ccccc3nc2Nc2ccccc2)cc1	ZINC00874640	45	45	67	37	70
Cc1ccc(-n2nnnc2SC(C)C(=O)Nc2cc(Cl)ccc2C)cc1	ZINC08340782	54	75	71	43	66
NS(=O)(=O)c1ccc(NC(=O)c2cccc(Cl)c2)cc1	ZINC03339242	35	37	59	20	32
CCCN(C1CCS(=O)(=O)C1)S(=O)(=O)c1cc(OC)ccc1OC	ZINC08429336	20	26	31	27	25
CC1CCN(c2ccc(NC(=O)CNC(=O)c3ccccc3)cc2)CC1	ZINC08170078	37	47	55	75	66
COc1ccc(C2=C(C=C3SC(=S)NC3=O)C(c3ccccc3)c3ccccc3O2)cc1OC	ZINC02269973	15	79	92	56	81
Nn1cc(-c2ccccc2)nc1SCc1nc2ccc(Cl)cc2n1CCO	ZINC08393568	79	64	53	59	71
Cc1ccc(Cl)cc1NC(=O)CSc1nnc(-c2ccc(C(C)(C)C)cc2)n1-c1ccccc1	ZINC02351678	27	75	94	57	86
CCOC(=O)c1ccc(N=C2SC(=Cc3ccc(OCC)c(OC)c3)C(=O)N2C)cc1	ZINC08438921	34	60	69	43	85
COc1ccccc1C1CC(=O)C2=C(C1)N=C(C)C(C(=O)OC1CCCC1)[C@H]2c1cc(OC)c(OC)c(OC)c1	ZINC08439853	6	42	67	23	92
Cc1ccc(S(=O)(=O)N=C2NCN(CC(=O)[O-])CN2)cc1	ZINC19328158	3	12	15	21	3
O=C(COC(=O)c1ccccc1NS(=O)(=O)c1ccc(Cl)cc1)c1ccccc1F	ZINC03372690	38	56	78	34	72
CC(NC1=[NH+]CCN1)C(=O)[O-]	ZINC00801655	3	8	8	17	4
COc1cc(C[NH2+]CC2CCCO2)cc(Cl)c1OCc1ccccc1Cl	ZINC08470424	50	74	75	83	76
COc1cccc2cc(C(C)NC(=O)NCc3ccon3)oc21	ZINC83173705	67	47	26	28	56
COc1ccc(C=C(C#N)c2ccc(C(=O)c3ccc(F)cc3)s2)cc1	ZINC33925191	81	92	85	56	73
CCn1c(=O)c2ccccc2nc1SCC(=O)N(C)C1CCCc2ccccc21	ZINC08538991	32	76	75	66	84
CSc1ccc(C=C2SC(N(C)CCO)=NC2=O)cc1	ZINC06734256	62	47	35	40	39
Cc1oc(C=NNC(=O)CN(c2ccc(C)cc2)S(=O)(=O)c2ccccc2)cc1Br	ZINC83294966	25	64	86	47	86
Cc1cc(C)c(N=Cc2ccc(N3N=C(c4ccccc4)CC3c3ccccc3)cc2)c(C)c1	ZINC13756749	15	56	71	74	56
O=C(Nc1ccccc1F)C1CC(=O)N(CCc2ccccc2)C(=Nc2cccc(Cl)c2)S1	ZINC34695338	24	63	86	57	84
COc1cc(C=NNC(=O)c2ccc(Cl)cc2)ccc1OCC(N)=O	ZINC35771973	36	40	50	52	54
COc1ccccc1S(=O)CC1CC[NH2+]CC1	ZINC83319646	11	22	5	50	6
CC1=NN(c2ccc(S(N)(=O)=O)cc2)C(=O)C1=Cc1ccc(-c2cc(C)c(C)cc2[N+](=O)[O-])o1	ZINC33929466	27	45	48	25	62
COc1ccc(S(=O)(=O)NCc2cccs2)cc1OC	ZINC04667239	60	59	52	28	48
Cc1ccc(S(=O)(=O)NCCNc2nccc(C(F)(F)F)n2)cc1	ZINC04299436	39	36	57	45	50
COc1cc2c(cc1C=C1C(=O)NC(=O)N(c3cccc(Br)c3)C1=O)OCO2	ZINC01131792	40	36	54	28	75
Cc1nc2cc(NC(=O)COc3ccccc3Cc3ccccc3)ccc2o1	ZINC08269293	81	88	86	56	95
CC(C)C(C)NC(=O)Nc1ccc(C(N)=O)c(Cl)c1	ZINC40527084	32	33	25	31	22
CC1(c2cccc3ccccc32)NC(=O)N(Cc2cccc(F)c2)C1=O	ZINC08644971	48	59	66	41	64
CN(CC(=O)Nc1ccc(N2CCOCC2)cc1)C(=O)CCNC(=O)c1ccccc1Cl	ZINC15647335	20	25	38	37	54
CC(C#N)CN(C)C(=O)C1CN(Cc2ccccc2)CCO1	ZINC84638216	23	15	9	32	9
CC(C)=CC1C(C(=O)OCc2ccccc2[N+](=O)[O-])C1(C)C	ZINC84671198	55	81	49	32	49
CCOC(=O)C1=C(C)NC(C)=C(C(=O)OCC)C1C(=O)OCC(=O)NC	ZINC23486093	11	23	22	41	21
Cc1ccc(S(=O)(=O)NC(Cc2c[nH]c3ccccc23)C(=O)[O-])c(C)c1	ZINC08189298	33	38	65	31	22
CC(NC(=O)CN1C(=O)NC2(CCCC2)C1=O)c1ccc2c(c1)OCO2	ZINC08707186	20	19	16	24	18
CCOC(=O)C1=NN(C(C)=O)C2C(=O)N(c3ccc(Cl)c(Cl)c3)C(=O)[C@@H]12	ZINC04693768	23	13	25	26	12
CCOC(=O)C1=C(C)NC2=C(C(=O)CCC2)[C@@H]1c1ccc(C)s1	ZINC06138386	35	46	43	53	62
O=C(CN1CC(c2ccccc2)NC1=S)N(Cc1ccco1)C1(C(=O)Nc2ccc(N3CCOCC3)cc2)CCCC1	ZINC08695908	0	45	82	34	88
O=C(c1cc(-c2ccccc2)n[nH]1)N1CCCCCC1	ZINC07754269	64	34	25	46	43
CCC(=O)N=C1SC2CS(=O)(=O)CC2N1C	ZINC09482881	3	26	18	18	3
O=C(CSc1nnc(C[NH+]2CCCC2)n1-c1ccccc1)NCCc1ccc(Cl)cc1Cl	ZINC08723993	21	62	72	67	82
CCC1CCCC[NH+]1Cc1ccc(C(=O)[O-])cc1	ZINC08730780	15	25	17	49	7
O=C1C2CCCCC2C(=O)N1c1ccc2c(c1)oc1ccccc12	ZINC18245064	52	51	39	56	44
CN1c2ccc(NC(=O)C3CCCC3)cc2CCC1=O	ZINC08736279	33	38	18	42	13
CCOC(=O)c1[nH]c(C)c(CCC(=O)N2CCCC(C(=O)NCc3ccc(C)o3)C2)c1C	ZINC46046444	4	18	34	45	81
C[NH+]1CCc2nc3sc(C(=O)Nc4ccc(F)c(Cl)c4)c(N)c3cc2C1	ZINC08748317	47	63	70	50	56
O=C(C1=NN(c2ccccc2)C2C(=O)N(c3ccc(Cl)cc3)C(=O)[C@@H]12)c1ccccc1	ZINC08691522	23	44	82	23	46
Cc1cc2c(c(O)c1-c1c(C)cc3c(c1O)c(C=Nc1cccc(Cl)c1C)c(O)c(O)c3C(C)C)c(C=Nc1cccc(Cl)c1C)c(O)c(O)c2C(C)C	ZINC85888767	18	59	60	35	45
CC(=NNC(=O)COc1ccc(Cl)cc1Br)c1ccc(C(C)C)cc1	ZINC20075168	61	79	87	75	76
Cn1c(C[NH+]2CCOCC2)nnc1SCC(=O)Nc1nccs1	ZINC00807452	21	25	28	31	16
CC1CC=C2C(=O)OC[C@H]2CC(=O)C1	ZINC34076319	12	20	10	8	1
CC1CCCC(NC(=O)c2cc(Sc3ccc(F)cc3F)nc3ccccc32)C1C	ZINC08812544	24	75	76	63	76
CCN(C(=O)c1ccccc1SCC(=O)Nc1cccc(C#N)c1)C1CCS(=O)(=O)C1	ZINC08825416	10	32	45	32	62
O=C(Cc1ccccc1)Nc1ccc(NC(=O)c2ccc(-c3cccc([N+](=O)[O-])c3)o2)cc1	ZINC08832337	44	49	78	45	72
CC(C)Oc1ccc(-c2nn(-c3ccccc3)cc2C=C(C#N)c2nc3ccccc3[nH]2)cc1	ZINC08836960	45	61	68	55	88
O=C(CSc1nc(CC(=O)Nc2ccc3c(c2)OCO3)cs1)Nc1ccc(F)cc1	ZINC08852070	45	48	59	50	77
Cn1c2c(c(-c3ccccc3)n3c2c(-c2cccnc2)nc2ccccc23)c(=O)n(C)c1=O	ZINC01444410	43	44	44	29	46
Cc1ccccc1-n1c(CSc2cc(Cl)ccc2Cl)nc2ccc(Cl)cc2c1=O	ZINC03050388	54	89	87	46	67
O=C1C(=Cc2ccc(O)cc2)N=C(c2ccccc2)N1c1nc2cc(Cl)c(Cl)cc2s1	ZINC08955274	44	67	89	31	65
CCOC(=O)NCC1CC(=O)N(c2ccc(OCC)cc2)C1	ZINC08981222	33	28	9	34	31
CCC(=O)N1CCc2ccc(NC(=O)c3c(F)cccc3F)cc2C1	ZINC09035228	51	52	45	46	54
N#CCn1c(=O)c2ccccc2nc1C[NH+]1CCCCCC1	ZINC09114401	42	34	23	39	33
Cc1ccc(NC(=O)CSc2nc3ccccc3c(=O)n2-c2ccc(Cl)cc2)cc1	ZINC01165552	59	77	95	48	78
COc1cc(C2c3c(oc4ccc(F)cc4c3=O)C(=O)N2CC2CCCO2)cc(OC)c1OC	ZINC02344802	14	33	66	17	84
CCOC(=O)c1[nH]c2ccc(OC)cc2c1NC(=O)C[NH+]1CCN(c2ccc([N+](=O)[O-])cc2)CC1	ZINC08974769	9	34	37	36	64
Cc1nc(N2CC[NH+](C)CC2)[nH]c(=O)c1Cc1ccccc1Cl	ZINC09196332	49	41	37	51	37
Cc1cc(C(=O)Nc2c3ccccc3oc2C(N)=O)no1	ZINC09204249	46	26	27	20	47
COc1ccc(S(=O)(=O)N2CCN(c3ccccc3OC)CC2)cc1C(=O)N1CCCC1	ZINC09192242	8	31	42	24	79
O=C(CN1C(=O)SC(=Cc2c3ccccc3cc3ccccc32)C1=O)Nc1ccc2c(c1)OCCO2	ZINC01102741	16	59	79	46	57
COC(=O)Cn1c(=O)c(C(=O)COC(=O)C2(C)CC2(Cl)Cl)c(N)n(Cc2ccccc2)c1=O	ZINC09254883	10	19	25	36	60
Cc1ccc2c(=O)c(C(=O)c3ccc(Br)cc3)cn(CC(=O)Nc3ccc(C(C)C)cc3)c2n1	ZINC09268261	14	71	96	64	81
Cc1ccc2c(c1)N(C(=O)CCC(=O)NCC1CCCO1)CC(C)O2	ZINC06797958	22	13	19	57	17
CC(NC(=O)c1ccccc1)c1nnc(SCC(=O)Nc2sc3c(c2C#N)CCCC3)n1C	ZINC09305035	12	32	49	43	77
CSc1ccc(C=C2C(=O)NC(=S)N(c3ccc(Br)cc3)C2=O)cc1	ZINC01186477	49	56	79	44	63
COc1ccc(-c2nnc(SCC(=O)NN=C(C)c3ccc(O)cc3)n2-c2ccc(C)cc2)cc1	ZINC09015791	27	55	83	51	89
O=C(Nc1c2c(nn1-c1cccc(Cl)c1)CSC2)c1ccc(Cl)c([N+](=O)[O-])c1	ZINC09391588	44	48	82	33	61
Cc1c(O)c(C[NH2+]Cc2c(F)cccc2Cl)cc2c(-c3ccccc3)cc(=O)oc12	ZINC09410339	50	67	88	42	63
COc1ccc(-c2ccc(C(=S)N3CCN(c4ccc(C)c(Cl)c4)CC3)o2)cc1	ZINC09424506	59	66	53	88	64
CCc1cccc(NC(=O)CN2C(=O)COc3ccc(S(=O)(=O)N4CCCCCC4)cc32)c1	ZINC09430676	6	28	46	32	82
COc1ccc(CCC2(C)NC(=O)N(CC(=O)NC(C)c3ccc(-c4ccccc4)cc3)C2=O)cc1	ZINC09460330	5	77	87	63	89
O=C(c1cc(-c2ccccc2)nn1-c1ccccc1)N(Cc1nnc(-c2ccccc2Cl)o1)C1CC1	ZINC09467172	15	55	88	35	77
COC(=O)c1ccc2c(c1)nc(SCc1cc(=O)n3ccccc3n1)n(CC1CCCO1)c2=O	ZINC02971106	16	24	56	12	85
C=CCn1c(SC(C)C(=O)c2ccc(NS(C)(=O)=O)cc2)nnc1-c1ccccc1OC	ZINC09467463	35	47	72	59	88
O=C(Cn1c(=O)ccn(Cc2ccccc2)c1=O)Nc1ccc2c(c1)OC1(CCCC1)O2	ZINC09495879	28	51	75	42	71
N#Cc1cc([N+](=O)[O-])ccc1NCCNc1cccc[nH+]1	ZINC06510065	51	39	33	28	54
COC(=O)c1ccccc1NC(=O)c1cccc(S(C)(=O)=O)c1	ZINC09535564	41	38	55	20	52
COc1ccc(C2CC(=O)C3=C(C2)NC(=O)C[C@@H]3c2cc(Br)c(O)c(OC)c2)cc1	ZINC09560059	17	70	77	66	68
CCn1c2ccccc2c2cc(C3OC(c4cc5ccccc5cc4OC(C)=O)=NN3C(C)=O)ccc21	ZINC09529725	14	73	83	49	76
Cn1ccc(NC(=O)c2ccc(Cl)c(Cl)c2)n1	ZINC09593730	70	36	37	40	49
Cc1csc(SCc2c3ccccc3oc2C(=O)Nc2ccc3c(c2)NC(=O)C(C)O3)n1	ZINC09619260	33	55	73	40	79
Cc1cccc(C)c1OCc1nnc(SCC(=O)NCc2ccccc2)n1-c1ccccc1	ZINC09632713	21	74	90	52	89
CCOC(=O)N1CCc2c(sc(NC(=O)c3ccc(C(C)=O)cc3)c2C(=O)OC)C1	ZINC09639043	24	32	49	32	80
Cc1ccc(C)c(S(=O)(=O)N2CCCCC2CCNC(=O)C(=O)Nc2ccc(C)c(C)c2)c1	ZINC09749494	4	46	56	56	86
Cc1c(C)n2c(nc3c2c(=O)n(C)c(=O)n3C)n1CCNc1cccc(C)c1	ZINC09763912	56	44	40	47	47
CC(Sc1nnc(-c2ccncc2)n1Cc1ccccc1)C(=O)N1c2ccccc2CC1C	ZINC09778309	18	64	84	54	91
COc1ccccc1NC(=O)Nc1nc(CC(=O)Nc2nc3ccc(S(C)(=O)=O)cc3s2)cs1	ZINC09785037	23	32	42	31	52
O=C(Nc1cccc(-c2nnc3n2CCCCC3)c1)C1=CN2CCS(=O)(=O)N=C2C=C1	ZINC09816001	26	24	38	41	50
COc1ccc(-n2nc(C(=O)NCC(=O)Nc3ccc(OC)cc3OC)c3ccccc3c2=O)cc1	ZINC03660336	27	28	66	26	82
O=C(COc1ccccc1)NC(=S)Nc1ccc(I)cn1	ZINC09076623	54	43	67	38	48
O=C(CCNC(=O)c1ccc2ccccc2c1)N1CCCC1	ZINC09908716	54	45	25	47	48
CCOc1cccc2c1Oc1nc(-c3ccccc3)nc(SCC(=O)N(CC)CC)c1C2	ZINC02690407	28	57	74	48	86
C[NH+](CC(=O)N1CCc2sccc2C1)Cc1ccc2c(c1)OCO2	ZINC09975486	53	57	37	68	60
Cc1nc2c(C(N)=O)ncn2c(C)c1CCC(=O)NC(C)c1ccc(Cl)cc1	ZINC09858511	37	25	40	45	51
Cc1nn(C(=O)c2ccc(C)cc2)c(C)c1C	ZINC10155521	78	57	35	28	45
Cc1cccc(-n2c(SCC(=O)Nc3sccc3C(N)=O)nc3ccccc3c2=O)c1C	ZINC10211552	26	48	76	39	89
CSc1ccc(NC(=O)CCS(=O)(=O)Cc2ccccc2)cc1	ZINC10621514	48	83	75	57	67
O=C(CNc1ccc(F)c(F)c1F)Nc1ccc(I)cc1	ZINC11041135	70	64	64	47	44
O=Cc1cc(-c2ccccc2)c[nH]c1=O	ZINC04911898	90	36	28	30	15
O=C(Cc1ccc(F)cc1)Nc1nnc(-c2ccc(Br)s2)o1	ZINC11695473	71	62	65	27	57
CSCCNC(=O)C1CCC(=O)N(CC[NH+]2CCOCC2)C1	ZINC11713436	7	23	27	30	11
NC(=O)C(OC(=O)COc1c(I)cc(Cl)c2cccnc21)c1ccccc1	ZINC11747193	53	52	80	48	73
CSc1ccc(C[NH+]2CCc3nnc(CCNC(=O)C4CCC[NH+](C)C4)n3CC2)cc1	ZINC11788633	8	30	20	44	36
COc1ccc(-c2cc3c(c(OC)c2)OCCN(C(=O)Cc2ccc(N4CCNC4=O)cc2)C3)cc1OC	ZINC11813574	13	43	64	37	90
CCCc1sc(C(=O)OC(C)C(=O)Nc2cc(C)on2)cc1CC	ZINC11877625	39	56	52	42	63
Cc1nc(SCC(=O)Nc2cccc(O)c2)[nH]c(=O)c1CCO	ZINC11905748	19	21	27	47	21
O=C(NC1CCCN(c2ncccn2)C1)c1ccnc(Cl)c1	ZINC12057424	44	40	33	33	50
CCOC(=O)CN(C)C(=O)C1CCC(=O)N(Cc2ccccc2OC)C1	ZINC12091596	18	19	17	32	11
COc1ccc2c(c1)C(=O)NC1(CN(C(=O)c3cncnc3)CC1C(=O)N(C)C)CC2	ZINC12125273	3	16	28	16	28
COc1ccccc1NC(=O)Cn1c2c3ccccc3oc2c(=O)n(-c2ccc(C)cc2)c1=O	ZINC12140744	30	41	78	26	73
O=C(CN1CCCC1=O)N1CCCC(c2cc3ccccc3cn2)C1	ZINC12188125	17	37	49	67	53
CC(=O)c1cnc2cc(C(=O)NC(C)c3ccc4c(c3)CCC4)nn2c1C	ZINC12194679	33	57	45	50	65
CCC(C)CC(=O)NCC1Cc2cc(-c3nc(C)cnc3C)ccc2O1	ZINC12203606	61	36	39	82	65
C#CCOc1cccc(C[NH+]2CCC(NC(C)=O)(c3ccc(F)cc3)CC2)c1	ZINC12293014	25	58	64	70	74
CCOc1cc(C(=O)NC(=S)Nc2ccc(Cl)c([N+](=O)[O-])c2)cc(OCC)c1OCC	ZINC01173300	36	47	57	63	68
CN(C)S(=O)(=O)N1CCCC1Cn1nc(-c2cccs2)ccc1=O	ZINC12325664	21	28	39	25	27
CNC(=O)C1CC[NH+](C(C)C(=O)N2CCC(Cc3ccccc3)CC2)CC1	ZINC12334585	3	25	12	65	31
O=C1CC(c2ccco2)CC2=C1C(c1ccc3c(c1)OCO3)c1c(ccc3ccccc31)N2	ZINC01445920	18	68	82	56	75
O=S(=O)(NN=Cc1ccccc1Cl)c1ccc(-c2ccccn2)s1	ZINC12367019	59	63	84	37	74
CC#CC[NH+](Cc1ccco1)Cc1nc(-c2ccc(OC)c(C)c2)oc1C	ZINC12385525	72	80	61	73	75
CN(C)S(=O)(=O)c1ccc(C(=O)NCCCCOc2ccc(F)cc2)cc1	ZINC12392702	38	63	64	45	83
CC(C)Sc1nnc(N2C(N)=C(C#N)[C@@H](c3cccnc3)C3=C2CC(C)(C)CC3=O)s1	ZINC12401688	17	31	64	36	67
CCCCc1[nH]c(SCC(=O)Nc2[nH]c(C)c(C)c2C#N)nc1C	ZINC12410912	43	39	61	56	56
Cc1cc([N+](=O)[O-])nn1CC(=O)Nc1ccc(-c2noc(-c3ccc4c(c3)OCO4)n2)cc1	ZINC12446609	42	19	44	34	64
Cc1ccc(C(C(=O)NCc2ccccc2)N(Cc2ccc(F)cc2)C(=O)c2snc(C(N)=O)c2N)o1	ZINC12472982	13	33	66	27	67
NS(=O)(=O)c1ccc(CCNC(=O)COC(=O)c2ccc(S(=O)(=O)NCc3ccco3)cc2)cc1	ZINC12529746	14	27	47	31	35
CC(c1ccc(S(N)(=O)=O)cc1)N(C)C(=O)c1ccc(C2CCCCC2)cc1	ZINC12552689	17	69	70	53	76
CC(NC(=O)COC(=O)c1cc(-c2cccc3ccccc32)nc2ccccc21)c1ccccc1	ZINC03275322	13	70	85	41	88
CCOC(=O)c1c(-c2ccccc2)csc1NC(=O)C(C)Sc1nnnn1-c1ccc(C)cc1C	ZINC03277694	23	45	73	52	90
Cn1c(-c2ccc(Cl)c(Cl)c2)cn2cc(-c3ccc(Cl)c(Cl)c3)nc21	ZINC12629066	80	84	59	73	55
COc1ccccc1N(C(=O)Cn1nnc2ccccc21)C(C(=O)NCCC(C)C)c1ccc(C)cc1	ZINC12712644	9	56	89	42	94
COc1cccc(C2c3[nH]c4ccccc4c3CCN2C(=O)c2cc(C)oc2C)c1OC	ZINC12746565	24	74	82	53	84
Cc1nn(C2CCS(=O)(=O)C2)c2nc(C3CC3)cc(C(=O)OCC(C)C)c12	ZINC12762999	15	33	38	32	41
COc1ccc(Cl)cc1N1CC(C(=O)OC(C)C(=O)Nc2ccc(NC(C)=O)cc2)CC1=O	ZINC12771588	16	12	47	32	80
Cc1ccc(S(N)(=O)=O)cc1C(=O)NC(C)c1cc2ccccc2o1	ZINC12780059	34	44	67	18	63
COCCN(Cc1nc2ccccc2c(=O)[nH]1)C(=O)c1cc(C(F)(F)F)cc(C(F)(F)F)c1	ZINC12788501	39	43	47	56	76
NC(=O)Cn1c(CSc2nc3c(n2-c2ccccc2)CCCC3)nc2ccccc2c1=O	ZINC12581677	31	47	76	31	76
CCn1c(SCC(=O)N2CCCc3ccccc32)nnc1C(C)NC(=O)c1ccccc1	ZINC12851414	14	54	73	38	90
COCCNC(=O)c1ccccc1N1C(=O)N2CCc3c4ccccc4[nH]c3C2(C)C1=O	ZINC12866017	22	41	50	33	63
CC(C(=O)NC1CCCC1)[NH+](C)Cc1ccc(F)cc1	ZINC12880312	33	40	13	60	24
CC=CCOc1ccc2nc3n(c(=O)c2c1)CCC3	ZINC12901640	83	44	26	42	53
O=[N+]([O-])c1ccc(N2CCC(NS(=O)(=O)c3ccccc3)CC2)c2ncccc12	ZINC12522610	26	60	63	40	68
O=C(Nc1ccc(F)cc1)C(=O)c1c(-c2ccc(Cl)cc2)nc2sccn21	ZINC12658861	77	65	68	45	57
COc1cc(C)c(NC(=O)C(=Cc2ccc(OC(F)F)cc2)c2ccccc2)cc1OC	ZINC12977973	60	71	87	45	90
C[NH+](CCOc1ccc(Cl)cc1)CC(=O)Nc1cc(C(N)=O)cc(C(N)=O)c1	ZINC12996027	27	19	50	40	20
Cc1ccc(S(=O)(=O)N2CCN(C(=O)c3ccc(-n4cnc5ccccc5c4=O)cc3)CC2)cc1C	ZINC13006147	5	56	74	19	77
CCN(CC)C(=O)C[NH+]1CCCN(c2ccc(S(=O)(=O)N3CCC(C)CC3)cc2[N+](=O)[O-])CC1	ZINC12528070	5	36	23	35	65
CC(NC(=O)c1ccc(Cl)cc1)c1ccncc1	ZINC06125098	79	54	33	39	53
CCC(c1nnnn1C(C)(C)CC)[NH+](Cc1ccc(OC)cc1)Cc1cc2ccc(C)c(C)c2[nH]c1=O	ZINC13065015	14	52	64	56	85
CC(=O)Nc1ccc(NC(=O)C2CCN(c3c(Cc4ccccc4)c(C)nc4ncnn43)CC2)cc1	ZINC13085923	9	44	55	37	80
CC1Cc2ccccc2N1C(=O)Cn1c2ccccc2nc1CCCO	ZINC06653532	68	72	68	68	59
N#Cc1cnc(SCc2c(Cl)cccc2Cl)nc1N	ZINC06831205	70	73	62	56	54
CC1CCCN(C(=O)CSc2nnc(C[NH+]3CCCCC3)n2-c2ccccc2)C1	ZINC07318582	10	39	26	69	70
CCOC(=O)C(C#N)=CN1CCN(c2ccccc2)CC1	ZINC02504462	57	45	10	46	45
COc1ccc(-n2cnnc2SCC(=O)Nc2ccc3[nH]c(=O)[nH]c3c2)cc1	ZINC03359001	39	46	44	30	56
CCCCCCn1c(C)c(C)n2c1nc1c2c(=O)[nH]c(=O)n1C	ZINC05076393	63	45	39	34	27
Cc1ccc(S(=O)(=O)NCC(O)Cn2c3ccccc3c3ccccc32)cc1	ZINC04003545	62	84	78	76	82
CC1CN(C(=O)Cn2cc(S(=O)(=O)CC#N)c3ccccc32)CC(C)O1	ZINC04272534	25	17	35	30	14
CCOC(=O)C1(Cc2ccc(F)cc2F)CCCN(C(=O)c2cc(C(F)(F)F)n[nH]2)C1	ZINC11818933	21	31	35	53	56
Cc1cc(C(=O)[O-])ccc1NC(=O)COc1ccccc1	ZINC13391115	38	55	43	39	28
CCn1c(-n2nc(C)c(C)c2C)nc2c1c(=O)n(C)c(=O)n2C	ZINC12517984	51	39	44	27	35
CN(C)c1ccc(C(=O)NCc2nnc3n2CCC3)cc1	ZINC12548952	48	24	16	39	33
COC(=O)C1CCN(C(=O)c2ccc(NS(=O)(=O)c3ccc(C)cc3)cc2)CC1	ZINC13648996	11	39	50	32	77
Cc1cc(I)ccc1NC(=O)c1ccc(OCc2ccccc2Cl)cc1	ZINC13687686	65	85	87	62	60
CCC(C(=O)Nc1cc(C)cc(C)c1)N(c1ccc(Cl)cc1)S(C)(=O)=O	ZINC13714126	45	82	75	50	81
COC(=O)C1CCN(C(=O)c2ccc3nc(NS(=O)(=O)c4ccc(Cl)cc4)sc3c2)CC1	ZINC13719439	13	41	44	23	77
Cc1noc(C)c1C(=O)NCCc1cccc(Cl)c1	ZINC13746742	63	56	24	35	53
COc1cccc(C2c3c(oc4ccc(Br)cc4c3=O)C(=O)N2CC2CCCO2)c1	ZINC02416773	22	60	74	31	88
[O-][n+]1c2ccccc2ccc1-c1ccc2c3ccccc3ccc2[n+]1[O-]	ZINC13810074	78	61	59	35	51
O=C(Cn1nc(C(F)F)c(Br)c1C1CC1)N1N=CCC1(O)C(F)(F)F	ZINC13960183	22	33	51	41	22
Cc1nc(C)c(CCC(=O)NCCc2ccc3c(c2)OCCO3)c(=O)[nH]1	ZINC13985142	51	31	22	50	37
CC(=O)Nc1cc(C(=O)CSc2nnc(C)s2)ccc1O	ZINC14018462	34	34	47	38	25
O=C(Nc1ccc(F)c(S(=O)(=O)N2CCOCC2)c1)c1ccc(C(=O)c2ccccc2)cc1	ZINC14109334	19	46	83	19	70
COc1cc(NC(=O)C(C)n2c3ccccc3oc2=O)ccc1N1CCCC1=O	ZINC14119058	42	33	42	28	71
CN(C)C(=O)c1ccc(NC(=O)CN2C(=O)C(=O)N(C34CC5CC(CC(C5)C3)C4)C2=O)cc1	ZINC14140941	2	26	21	33	40
N#Cc1cccc(NC(=O)CCc2nc3ccccc3n(CCc3ccccc3)c2=O)c1	ZINC14168356	38	64	86	46	88
Cc1nc(SCC(=O)Nc2cccc([N+](=O)[O-])c2C)nc(C)c1C	ZINC14200611	44	51	56	48	50
CCn1cnn(C[NH+](Cc2nnc(-c3ccc(Cl)cc3)o2)C2CC2)c1=S	ZINC14238722	64	44	50	41	44
CC(=O)Nc1ccc(NC(=O)c2ccc(Oc3ccccc3)cc2)cc1	ZINC14242515	62	80	74	51	69
COc1ccc2cc(C(C)C(=O)NNC(=O)C(C)Oc3ccc(F)cc3)ccc2c1	ZINC14245200	42	73	77	50	88
CC(C)Cn1c(N)c(C(=O)COC(=O)c2cccc(Oc3ccccc3)c2)c(=O)n(C)c1=O	ZINC02632231	22	41	70	31	85
CC(C)(C)c1ccc(NC(=O)c2ccc3c(c2)C(=O)N(CC2CCCO2)C3=O)cc1	ZINC14474618	17	45	56	54	72
CCN(CC)S(=O)(=O)c1ccc(C(=O)Nc2ccccc2F)cc1	ZINC14494413	54	69	63	32	74
O=C(Nc1ccnn1C1CCCC1)C1CCN(S(=O)(=O)c2cc([N+](=O)[O-])ccc2Cl)CC1	ZINC14514397	5	33	34	42	68
COc1ccc(F)cc1C1CCCCC[NH2+]1	ZINC14629033	35	33	19	54	17
C=C(C)CN1C(=O)NC(CC)(C2CCN(C(=O)c3cccc(C)c3C)CC2)C1=O	ZINC14878962	3	18	27	33	61
Cc1ncc(Cc2ccccc2)c(C2CCCN(C(=O)c3cc[n+]([O-])cc3)C2)n1	ZINC14885035	22	37	52	55	55
CCCOC1CCCN(C(=O)c2coc(COc3cccc(F)c3)n2)C1	ZINC14957569	41	36	33	46	52
CCCOc1ccc(C=C(NC(=O)c2ccccc2)C(=O)NN=C2CCc3cc(OC)ccc32)cc1	ZINC15134748	7	73	92	61	98
COc1ccccc1N1CCN(C(=O)c2ccc(SCCC(C)C)c([N+](=O)[O-])c2)CC1	ZINC15343412	12	32	49	48	83
O=[N+]([O-])c1ccc(OS(=O)(=O)c2ccc(Cl)s2)c(-c2cccs2)c1	ZINC15359193	49	70	68	36	56
COc1ccc(C(=O)NC(C)c2ccc(-n3cncn3)cc2)cc1Br	ZINC15544453	63	75	78	37	87
CCOc1ccc(S(=O)(=O)N(Cc2cc(-c3ccccc3)on2)Cc2ccco2)cc1	ZINC15552528	56	66	93	42	85
COc1cccc(-c2cnnc(-n3nc(C)c4c3NC(=O)CC4c3ccc(O)cc3)n2)c1	ZINC15670497	36	24	51	18	61
CCOc1ccccc1CNC(=O)CCc1cn(Cc2cc(C)ccc2C)c2ccccc12	ZINC15678455	18	78	78	76	90
COc1ccc(NC(=O)c2c(C)oc3nc(C)nc(N4CCOCC4)c32)cc1Cl	ZINC15727839	49	22	47	24	53
CCOC(=O)C1CCCN(C(=O)c2ccc(N3CCOc4ccc(Cl)cc43)s2)C1	ZINC15735075	13	35	41	43	63
CS(=O)(=O)c1ccc(CCC(=O)[O-])cc1	ZINC00154306	12	11	11	18	2
Cn1nccc1-c1nnc(-c2ccnn2C)o1	ZINC01298031	39	31	27	28	51
COc1ccc(C(c2oc3ccccc3c2NC(=O)c2ccco2)[NH+]2CCC(C)CC2)cc1	ZINC15859308	6	67	76	51	82
CCCC(C)NC(=O)c1ccc2c(c1)S(=O)(=O)N=C(C)N2CC(C)C	ZINC15867733	10	28	36	47	38
CCCCCC(=O)OCCCO	ZINC01684720	14	5	10	21	2
C#CCOCC(O)CO	ZINC01752827	7	2	5	9	6
OCCSCc1ccc2nonc2c1	ZINC02144431	56	12	22	26	6
FC1(F)CCC[NH2+]C1	ZINC02506774	12	18	25	22	4
CCOc1ccc(NC(=O)c2c(NC(=O)C[NH+]3CCCCC3C)sc3c2CCC(C)C3)cc1	ZINC15946848	6	39	37	57	70
CN(C)c1ccc(C(=O)OC2CCOC2=O)cc1	ZINC03247992	36	24	8	19	9
CCCOc1ccccc1NC(=O)C1CCN(S(=O)(=O)c2cc(Cl)ccc2Cl)CC1	ZINC15998244	19	42	63	55	84
NC(=O)C(=NNc1ccccc1Cl)C(N)=O	ZINC04477536	21	5	15	27	5
CC1Cc2ccccc2N1C(=O)C1CC(=O)N(c2ccc3c(c2)OCCO3)C1	ZINC16022621	25	49	52	48	70
CN(C)N1C(=O)CC([NH2+]Cc2ccccc2)C1=O	ZINC04904806	20	14	3	16	5
CS(=O)c1snnc1-c1ccccc1	ZINC05211947	72	18	42	28	24
CCOC(=O)[C@@H]1C(CC)=NOC1C	ZINC05759399	16	4	8	13	0
O=C(CSc1nnc(-c2ccccc2)o1)N(CC1CCCO1)c1nc2ccccc2s1	ZINC03410237	49	45	60	37	79
NC(=O)C[NH+]1CCC(=NO)CC1	ZINC09256676	3	6	4	9	0
COc1ccc(-c2csc(NC(=O)c3ccc(-c4ccc(Cl)cc4)o3)n2)cc1OC	ZINC01066729	83	59	74	51	89
CCOC(=O)c1ccc(NC(=S)N2CCC(C(O)(c3ccccc3)c3ccccc3)CC2)cc1	ZINC16286423	5	79	70	71	85
Cc1ccc(C(Cl)=CC=C(C#N)C(N)=O)cc1	ZINC00164036	77	41	33	36	30
COc1ccc(C(=O)Nc2cc(-c3nc4ccccc4[nH]3)ccc2C)cc1Br	ZINC16347589	88	85	83	60	75
CC(Sc1nnnn1C1CCCC1)C(=O)Nc1ccc(F)c([N+](=O)[O-])c1	ZINC16371962	17	41	46	34	47
CC[NH+]1CCC(NC(=O)COc2ccc(F)c(Cl)c2)CC1	ZINC16579991	31	34	32	62	22
CC[NH+]1CCC(NC(=O)COc2cccc(Br)c2)CC1	ZINC16604718	35	32	25	66	12
Clc1cccc(-c2nnc(SCC3CCCCO3)n2-c2ccccc2)c1	ZINC16789187	84	72	64	86	66
CCc1ccc(OC(C)C(=O)N2CC(C(=O)OC)Oc3ccccc32)cc1	ZINC16806645	61	85	68	43	79
O=C([O-])C=CC(=O)NCC1(c2ccccc2)CCOCC1	ZINC16849122	19	31	17	47	11
Cc1ccc(S(=O)(=O)N2CCOC23CCN(C(=O)c2ccccc2Cl)CC3)cc1	ZINC17050884	11	52	65	37	79
COc1cc([N+](=O)[O-])ccc1NC(=S)NC(C)c1ccccc1	ZINC17068054	62	68	54	38	67
CC(Oc1ccc(Br)cc1)C(=O)NCCc1ccc(S(N)(=O)=O)cc1	ZINC17125660	23	38	72	36	56
N#Cc1ccccc1OCC(=O)NN=Cc1ccncc1	ZINC17206877	64	28	24	27	59
COc1cc(NC(=O)CSc2nnc(N3CCOCC3)n2Cc2ccccc2)cc(OC)c1OC	ZINC17957198	11	28	38	33	77
COc1ccc(C2CC(=O)C3=C(C2)Nc2ncnn2[C@@H]3c2ccncc2)cc1OC	ZINC18200856	38	30	52	34	76
CC(=O)N1CCc2nc(C3CCCN3C(=O)COc3ccccc3)ncc2C1	ZINC19018518	20	28	24	34	40
CN(c1ncccc1CNC(=O)C1CCCN(C(N)=O)C1)C1CCCCC1	ZINC19113093	3	13	26	32	21
Cc1ccc(S(=O)(=O)NCC2(c3ccccc3F)CCOCC2)s1	ZINC19217294	39	64	60	44	67
C[NH+](C)CCn1cc(N)ccc1=O	ZINC19265565	18	5	7	17	3
O=S(=O)(c1ccc(Cl)cc1)N1CCC(c2nnc(-c3ccsc3)o2)C1	ZINC19336100	64	55	71	38	56
CC(C)c1nc(N2CCC(NC(=O)Cc3ccccc3F)CC2)ncc1-c1ccncc1	ZINC19451631	20	46	56	65	89
CN(C(=O)CCn1c(C(F)F)cc2cccnc21)C1(C)CCS(=O)(=O)C1	ZINC19461274	19	22	36	36	35
CCCC(=O)N1CCCC(Cc2ccccc2-c2cncnc2)(C(=O)NC(C)C)C1	ZINC19501253	14	27	51	62	72
COc1ccc2cc(CN(CCc3ccccc3)Cc3nnnn3Cc3ccccc3)c(=O)[nH]c2c1	ZINC00927639	17	57	70	38	89
Cc1cc(C)n(Cc2ccc(C(=O)Nc3ccc(N4CCCCC4)c4nonc43)o2)n1	ZINC19574481	35	34	45	32	56
COc1cc2c(cc1OC)C(c1ccccc1)N(Cc1cnc(N(C)C)nc1)CC2	ZINC19585558	45	69	57	98	94
COCC(=O)N1CCc2sccc2C1c1ccc(NC(=O)C2CC2)cc1	ZINC19592919	28	44	51	57	54
COc1ccc(CC[NH+]2CCC(C3CC=CCN(Cc4cccc(OC)c4)C3=O)CC2)cc1	ZINC19698348	6	31	39	74	82
CNc1nc(C2CCCCN2C(=O)Cc2c(C)noc2C)nc2c1C[NH+](C)CC2	ZINC19711476	15	13	26	30	25
COCCOC(=O)C1=C(C)NC2=C(C(=O)CC(c3ccccc3)C2)[C@@H]1c1ccc(Cl)cc1	ZINC02758098	11	69	93	51	96
C=CCOc1c(Cl)cc([C@@H]2C3=C(NC(C)=C2C(=O)OC)c2ccccc2C3=O)cc1OCC	ZINC08437423	21	65	89	46	85
CC1=C(C(=O)Nc2ccccc2)[C@@H](c2cccs2)C(C#N)=C(SCC(=O)c2cccs2)N1	ZINC08399650	24	61	76	38	85
Cc1ccc(OCCN(C)C(=O)C2CCC(=O)N(C3CCCCCC3)C2)cc1	ZINC19838219	5	30	21	69	60
CC(=O)Nc1ccc(N2CCn3c(nc4ccccc43)C2)cc1Cl	ZINC19855412	83	39	45	56	67
CCCOc1ccc([C@@H]2C(C(=O)OCC(C)C)=C(C)NC3=C2C(=O)CC(c2ccc(Cl)cc2)C3)cc1	ZINC04112657	5	71	94	56	91
CC(Nc1ccccc1Br)c1ccccc1	ZINC19922598	74	78	56	90	32
CCOc1ccc(N2C(=O)C3=C(C(c4ccc(Cl)cc4)=[NH+]CCN3)C2c2ccccc2F)cc1	ZINC01404938	13	56	71	40	77
CC[NH+](CC)CCCn1c(=S)[nH]nc1-c1ccc(COc2cc(C)c(Cl)c(C)c2)cc1	ZINC20028643	40	56	70	87	85
Cc1cc(C=C2C(=O)NC(=O)N=C2[O-])c(C)n1-c1cccc(C(=O)[O-])c1C	ZINC20034884	26	24	20	23	24
CC([NH2+]Cc1cnn(C)c1)c1ccccc1	ZINC20074906	55	36	23	64	21
Cc1ccc2cc(C#N)c(NCCNC(=S)NCCCN3CCOCC3)nc2c1C	ZINC20151300	26	22	39	53	46
CC(C)(C)C(=O)N1CCN(CC[NH3+])CC1	ZINC20181602	6	15	13	13	7
Cc1nc(N2C(=O)C([O-])=C(C(=O)c3ccc(C)cc3)C2c2ccccc2)sc1C	ZINC17123992	35	70	84	46	62
O=C(C1CC[NH+](C2CCN(CC=Cc3ccco3)CC2)CC1)N1CCOCC1	ZINC20201749	10	24	15	56	23
Cc1cccc([NH+]=c2oc3ccccc3cc2S(=O)(=O)c2ccccc2)c1C	ZINC04937741	47	82	81	32	68
Cc1ccccc1C(=O)N1CCCC1C(=O)Nc1cccc(F)c1	ZINC20398296	46	62	54	51	59
Clc1ccccc1C1CCN(Cc2nc(-c3cccs3)no2)C1	ZINC20452560	65	75	60	93	64
O=C(NCc1ccco1)Nc1c[nH]c2ccccc2c1=O	ZINC20463570	71	45	36	26	67
CCN1CCN(C(=O)CCCc2cn(Cc3ccc(C)cc3)c3ccccc23)CC1	ZINC20490001	28	54	60	78	67
CCOc1cc([C@@H]2C(C(=O)c3ccc(S(=O)(=O)N(C)C)cc3)=C([O-])C(=O)N2CCCOC)ccc1O	ZINC09014782	8	21	39	16	59
CCCCCCN1C(=O)NC(=O)C2(Cc3c(=O)n4ccccc4[nH+]c3N3CCc4ccccc4C32)C1=O	ZINC09172732	6	38	61	39	75
CC(C)c1nc(NCC2CCCO2)c(C#N)c2c1CCCC2	ZINC20573192	25	43	28	75	41
Cc1cc(-c2ccc(C)c(S(=O)(=O)N3CCC([NH+](C)CC4CCCO4)CC3)c2)on1	ZINC20580774	18	31	32	47	45
c1ccc(CC2CN(Cc3ccc(Oc4ncccn4)cc3)CCO2)cc1	ZINC20600399	68	65	73	82	88
CCc1cc(C(F)(F)F)c2cnn(-c3ccccc3F)c2n1	ZINC20605372	95	74	45	48	57
CCn1nc(NC(=O)c2cc3c(C(F)(F)F)nn(-c4ccccc4)c3s2)cc1C	ZINC20617390	62	53	53	53	55
O=C([O-])CC1(CNC=C2C(=O)NC(=S)N(C3CC3)C2=O)CCCCC1	ZINC20622048	4	14	20	36	4
COC(=O)c1ccc(Sc2ccc(C)cc2)c(NC(=S)Nc2cccc(OC)c2)c1	ZINC03048192	39	82	85	65	92
COc1ccc(C2CSCCN2C(=O)c2ccc(F)cc2)cc1	ZINC20723332	53	68	51	46	56
O=C(NCc1cccs1)c1ccc(F)cc1-n1cnnn1	ZINC20745367	61	59	45	25	55
COc1ccc(CCC(=O)Nc2ccc(-c3noc(Cc4ccc([N+](=O)[O-])cc4)n3)cc2)cc1	ZINC02930906	32	52	83	41	84
CC[NH+]1CCCC1CNC(=O)c1nnc(CS(=O)(=O)c2ccccc2)o1	ZINC20852044	12	24	19	28	15
Cc1nn2c(nc(COc3cccc(NC(=O)C45CC6CC(CC(C6)C4)C5)c3)cc2=O)s1	ZINC20859128	14	32	40	34	67
CC(=O)Nc1ccc([N-]C2=NS(=O)(=O)C(c3ccc(C)cc3)=C2C)cc1	ZINC20900806	37	43	65	37	65
COc1ccc(CN2C(=O)N(CC(C)C)C3(CCN(Cc4nc5ccccc5n4C)CC3)C2=O)cc1	ZINC14540044	4	39	54	40	86
CC(C)CN(C(=O)CC1CC2CCC1C2)c1c(N)n(CC(C)C)c(=O)[nH]c1=O	ZINC21082555	7	19	22	31	26
CCCn1c(O)nnc1SC(C)C(=O)Nc1ccc(Cl)c(C(F)(F)F)c1	ZINC21119779	43	50	64	56	53
O=c1c(NCc2ccccc2)nccn1-c1cccc(C(F)(F)F)c1	ZINC21536989	78	77	47	53	74
COc1ccc(OC)c2c1CN(c1cc(Cl)c(C(F)(F)F)cc1[N+](=O)[O-])CC2O	ZINC21674324	44	50	62	46	57
COc1ccc(NC(=O)c2cccc(-c3nc(-c4ccccc4)no3)c2)cc1	ZINC21707601	84	81	76	54	77
Cn1c(SCc2ccc(Cl)cc2)nnc1-c1ccc2c(c1)OCCCO2	ZINC21723266	88	86	65	92	79
Cc1nc(-c2ccc3c(c2)CCN3C(=O)CCC(=O)c2ccc3c(c2)OCCCO3)cs1	ZINC21840970	21	64	69	57	85
COc1ccccc1CN1C(=O)c2ccc(-c3ccco3)n2CC1(C)C(=O)NC1CCCC1	ZINC21863870	14	67	62	45	93
CC(=O)N1CCc2cc(NC(=O)Cc3coc4cc5c(cc34)CCC5)ccc21	ZINC21897281	38	63	65	67	59
N#Cc1cccc(COC(=O)CCCc2c[nH]c3ccccc23)c1	ZINC21941541	80	91	55	51	82
N#Cc1ccccc1Sc1ccccc1C(=O)Nc1ccc2c(c1)C(=O)c1ccccc1-2	ZINC03462383	36	71	94	38	63
Cc1cc(C)cc(OCC(=O)NC(=S)Nc2ccc(CN3CCOCC3)cc2)c1	ZINC16269282	28	25	54	63	76
COc1ccc(C(=O)Nc2ccc(C)c(F)c2)cc1S(=O)(=O)NC1CCCC1	ZINC22511908	23	64	70	39	83
Cc1cc(Br)ccc1NC(=O)CNC(=O)c1cc(C(C)C)nc2c1cnn2C(C)C	ZINC22585488	38	40	55	48	76
CC(=O)NCCNC(=O)c1ccc(OCC(N)=O)cc1	ZINC22758734	19	14	13	43	7
CC(C)N1CCC([NH+]2CCN(Cc3ccccn3)CC2CCO)CC1	ZINC22914732	6	27	30	67	25
COc1ccc([N+](=O)[O-])cc1C(=O)NCc1cccc(C)c1	ZINC23038395	73	71	42	27	69
COc1cc(C)c(C)cc1S(=O)(=O)NCC(c1cccs1)N1CCOCC1	ZINC23107967	25	40	43	48	80
Nc1nonc1-n1cc(C(=O)[O-])nn1	ZINC23289000	7	10	24	16	10
Cc1noc(COc2ccc(C)nc2[N+](=O)[O-])n1	ZINC23382088	23	16	24	15	18
CC1CCc2c(sc3nc(CN4CCOCC4)nc(NCCNc4cccc[nH+]4)c23)C1	ZINC23425814	26	40	46	45	65
Cc1cc(C(=O)N2CCN(Cc3ccccc3F)CC2)c(C)o1	ZINC23441679	43	53	32	50	56
Cc1nc(C2(NC(=O)CCc3ncc(-c4ccc(Cl)cc4Cl)o3)CCCCC2)no1	ZINC23508667	54	45	67	42	69
Cc1nnc(NC(=O)CCN2c3ccccc3Sc3ccccc32)s1	ZINC23625602	61	75	55	67	71
COc1ccc(C(CNC(=O)Nc2ccc(C)cc2)N2CCOCC2)cc1	ZINC23974113	35	44	46	59	73
O=S(=O)(c1ccc(F)cc1)N1CCN(Cc2c(-c3ccccc3)nc3sccn23)CC1	ZINC23983624	49	60	79	50	66
Cn1c2nnc(CN3CCCC(C(F)(F)F)C3)n2c2ccccc2c1=O	ZINC12533364	49	40	49	45	40
CCc1ccc(-c2noc(CSc3nnc(SCC(N)=O)s3)n2)cc1	ZINC24108235	57	49	48	38	50
O=C(NCc1cccnc1-n1cccn1)c1nn(-c2ccccc2)c(=O)c2ccccc21	ZINC24642653	52	32	49	25	57
CC1CCc2nc3ccccc3c(C(=O)OCC(=O)N(C)c3c(N)n(Cc4ccccc4)c(=O)[nH]c3=O)c2C1	ZINC24748276	8	35	61	32	90
Cc1c(C(=O)Nc2ccc(OC(F)F)c(Cl)c2)cnn1-c1cccc(C)c1	ZINC24833464	69	82	78	63	78
Cc1cc(=O)c(C(=O)N2CCN(Cc3ccc(Cl)cc3)CC2)nn1-c1ccccc1[N+](=O)[O-]	ZINC16494194	14	47	77	24	65
CC(C)C(=O)NCCNC(=O)CCNS(=O)(=O)c1ccc2c(c1)CCCC2	ZINC25083242	7	13	28	43	27
Cc1cccc([N+](=O)[O-])c1NC(=O)C[NH+]1CCC(O)CC1	ZINC25399229	14	21	11	21	2
O=C([O-])c1cc(-c2ccc(Br)cc2)nn1-c1ccc(F)cc1F	ZINC25763846	61	68	69	41	37
Cc1ccc(Br)c([N-]S(=O)(=O)c2cccc(C(=O)Nc3nc4c(s3)CCC4)c2)c1	ZINC25768682	35	73	81	55	66
CCOC(=O)c1ccc(N2CC[NH+](Cc3occc3C(=O)OC)CC2)nc1	ZINC26141302	28	27	41	36	41
CS(=O)(=O)Cc1nc2ccccc2n1CC(=O)N1CCC(c2nc3ccccc3s2)CC1	ZINC27099159	27	47	51	39	72
O=C([O-])CCN1C(=O)C(=CC=Cc2ccco2)SC1=S	ZINC27533548	16	27	41	28	23
COc1ccc(OCC(=O)NCC(c2c[nH]c3ccccc32)c2ccc(Br)cc2)cc1	ZINC27742042	53	81	93	62	87
Cc1c(C(=O)NCC(c2ccc(C)cc2)N2CCOCC2)oc2cc(C)cc(C)c12	ZINC27994034	27	45	63	77	78
O=C(CCCNC(=O)c1ccco1)N1CCCCCC1	ZINC28649979	17	21	4	42	16
O=C(N1CCN(Cc2ccncc2)CC1)C12CC3CC(CC(C3)C1)C2	ZINC28693156	8	41	46	65	40
CS(=O)(=O)NC1CCCN(C(=O)c2ccco2)C1	ZINC29207924	6	16	6	8	0
CCC1CCCCN1C(=O)CCc1c(C)nc2nc(C(F)(F)F)nn2c1C	ZINC29485500	25	44	45	57	51
COc1cccc(-c2nc(C(=O)Nc3cccc4ncccc43)cs2)c1OC	ZINC29554673	87	71	63	34	79
CCCOC(C)C[NH3+]	ZINC29865966	6	4	6	12	0
COc1cc(C=Nn2c(=S)[nH]nc2-c2ccccc2)cc(OC)c1O	ZINC01302364	75	42	59	51	72
O=C1c2ccccc2C(=O)N1Cc1nc(-c2ccc(O)cc2O)cs1	ZINC30448550	63	52	56	23	68
Cc1ccc(C(c2ccc(C)o2)c2ccccc2[N+](=O)[O-])o1	ZINC03846762	60	86	41	35	59
CC(C)(C)c1ccc(C2CC2C(=O)NN=Cc2ccc(O)c(O)c2)cc1	ZINC30738456	50	88	78	57	64
NC(=O)c1cccc(C(=O)Nc2nnc(C3CC3)s2)c1	ZINC30611786	31	15	13	23	20
O=C([O-])c1cccnc1SC1CC(=O)NC1=O	ZINC03881066	5	13	7	10	10
COc1ccc(C2(C)NC(=O)N(N=Cc3ccccc3O)C2=O)cc1	ZINC03579552	37	41	45	25	59
O=[N+]([O-])c1ccccc1OCc1csc(Cc2ccccc2)n1	ZINC31647330	69	86	66	31	70
CNC(=O)c1cc(S(=O)(=O)Nc2ccccc2)cn1C	ZINC31665270	22	23	28	19	27
O=C(CCn1nnc2ccccc2c1=O)NC(c1cccs1)C1CCCC1	ZINC31804135	33	65	56	41	79
COc1ccc(NC(=O)C2CCCN(c3ccc4nnc(C(F)(F)F)n4n3)C2)cc1Cl	ZINC32073564	33	24	46	40	51
Oc1cnccc1Cl	ZINC02583363	19	4	20	15	7
COc1ccc(CC(=O)N=C2SC3CS(=O)(=O)CC3N2c2cccc(C)c2C)cc1OC	ZINC32506163	12	36	53	28	89
CC(C)(C)OC(=O)N1CCC(c2ccccc2F)C([NH3+])C1	ZINC32629268	23	34	16	45	12
Cc1ccc(N2C(SCc3ccc(Br)cc3)=NC3CS(=O)(=O)CC32)cc1	ZINC32640875	43	62	71	71	76
O=C(NCc1ccccc1F)C1CCC(C(F)(F)F)NC1=O	ZINC32672758	21	26	28	39	15
Cc1ccc(C(=O)c2ccccc2C(=O)OCC(=O)Nc2ccccc2)cc1	ZINC03488264	52	81	80	48	65
COc1ccc(C2CCCN2C(=O)CCc2nc(C(C)C)no2)cc1	ZINC32805321	37	38	41	63	61
CC(=O)NC(CC(=O)NC1CC[NH+](Cc2ccccc2)C1)c1ccc(Cl)cc1	ZINC32819880	12	38	61	74	57
Cc1noc(C=Cc2ccccc2)c1S(=O)(=O)N1CCCC(C(=O)[O-])C1	ZINC32917893	25	18	42	32	16
Cc1n[nH]c(-c2ccccc2NC(=O)Cc2sc(C)nc2-c2cccs2)n1	ZINC32932461	79	56	53	54	75
Cc1cc(C(=O)COC(=O)c2csc(NCc3ccccc3)n2)c(C)n1NC(=O)c1ccccc1	ZINC32945404	20	47	85	45	93
CCOc1ccc(CCNC(=O)C2CCCN(c3ncnc4oc(C)c(C)c43)C2)cc1OCC	ZINC32960060	7	26	35	52	77
Cc1ccc(CNC(=O)c2ccc(NC(=O)c3nnc(COc4cc(C)cc(C)c4)s3)cc2)o1	ZINC33031921	12	53	79	46	91
Cc1ccc2nc(COc3ccc(NC(=O)Nc4cc(Cl)ccc4C)cc3)cc(=O)n2c1	ZINC33068188	47	59	79	45	78
Cc1nccc(-c2cccc(NC(=O)Cn3ccc(=O)[nH]c3=O)c2)n1	ZINC33125277	46	30	26	33	44
CCc1ccccc1S(=O)(=O)N1CCC(C(=O)NCCc2csc(-c3cccs3)n2)CC1	ZINC33140299	20	52	52	52	79
CC(=O)c1ccc(NC(=O)CSCc2ccc(-c3nc(-c4cccc(C)c4)no3)o2)cc1	ZINC33262414	44	53	89	44	87
C=CCn1c2ccccc2n(CC(=O)NCCCN2CCC([NH+]3CCCCC3)CC2)c(=O)c1=O	ZINC33268749	6	19	25	36	46
CC[NH+]1CCN(c2cc(-c3nc(-c4cccc(F)c4)no3)c3ccccc3n2)CC1	ZINC33282550	64	56	51	55	47
O=C(Cn1c(=O)nc(N2CCCCC2)c2ccccc21)Nc1ccc(C(F)(F)F)cc1	ZINC33287343	28	49	55	68	69
C=C(C)C1Cc2nc(NC(=O)c3ccccc3)nc(C)c2C1	ZINC00517983	63	78	38	57	76
COc1cc(NC(=O)C(F)(F)F)c(OC)cc1Br	ZINC00117409	54	36	46	40	31
COc1ccc(CC(=O)NNC(=O)CSc2n[nH]c(C=Cc3ccc(OC)c(OC)c3)n2)cc1	ZINC12420668	27	41	44	43	86
Cc1nnc2c3c(-c4ccccc4)csc3ncn12	ZINC00087232	97	78	52	60	72
CCc1cc(=O)oc2c1ccc1c2C[NH+](Cc2ccc(C)cc2)CO1	ZINC00491311	74	74	66	72	66
CC(Sc1nnc(NC(=O)c2ccc3c(c2)OCO3)s1)c1ccccc1	ZINC04088037	52	62	71	44	67
CCC1CCc2sc(C(=O)NC(C)C(O)c3ccc(O)cc3)cc2C1	ZINC34870807	38	56	63	45	67
CCC1=NN(C(=O)c2ccc(OC)cc2)C(O)(C(F)(F)F)C1	ZINC00352148	30	40	38	46	32
Cc1cccc(C2C(=O)C(Oc3ccc(Cl)cc3Cl)C2C=O)c1C	ZINC34936008	68	82	83	48	54
Cc1ccc(C2OC3(C(=O)c4ccccc4C3=O)C(c3cccc([N+](=O)[O-])c3)C23C(=O)c2ccccc2C3=O)cc1	ZINC00797203	6	44	67	26	48
N#CC1=C(N)OC2=C(C(=O)CCC2)[C@@H]1c1c(F)cccc1F	ZINC35323912	46	53	43	28	56
Cc1ccc(C)c2nc(SCC(=O)Nc3ccccc3C(F)(F)F)c(C#N)cc12	ZINC01223966	64	80	72	62	75
COc1ccc(S(=O)(=O)N(C)CC(=O)NN=Cc2ccccc2)cc1C	ZINC35404634	34	56	62	28	70
COc1cccc(Nc2nc(C3(C)CC4(CC(C)OC4=O)C(=O)O3)cs2)c1	ZINC09328390	12	27	37	24	48
CC(C)(C)C(=O)C1C(c2ccc([N+](=O)[O-])cc2)C(C#N)(C#N)C2c3ccccc3C=CN12	ZINC12364934	12	51	68	23	57
Cc1cc(C)c2nc(Nc3nc(C)cc(-c4ccccc4)n3)nc(C)c2c1	ZINC01072036	82	68	55	74	73
CCOC(=O)CSc1nnc(-c2ccc(C)cc2)o1	ZINC00272910	82	54	21	28	33
CO[C@@H]1C=CC=C([C@@H]2C(C(=O)c3ccc4c(c3)CC(C)O4)=C([O-])C(=O)N2CCN2CCOCC2)C1	ZINC35980699	5	19	29	22	59
N#Cc1c2nc(=O)[nH]c([O-])c2sc1SCc1ccccc1Cl	ZINC04987659	56	38	56	36	44
CC1=NN(c2ccc3nncn3n2)C(=O)C1=CNc1cc(C(F)(F)F)ccc1Cl	ZINC36357248	44	37	44	38	44
O=C(CSc1nnc(NC2CC2)s1)Nc1cc(C(F)(F)F)ccc1N1CCCC1	ZINC14092774	20	31	51	61	60
COc1cccc(C(=O)NNC(=O)c2ccc(S(=O)(=O)N3CCN(C)CC3)cc2)c1OC	ZINC12856443	13	26	33	28	46
COc1ccc(Br)cc1C=C1N=C([S-])N(c2cccc(C(F)(F)F)c2)C1=O	ZINC36489301	62	57	72	64	63
CCn1nccc1C(C)NC(=O)c1cc(C)nc2c1c(C)nn2-c1ccc(F)cc1	ZINC36616999	56	53	47	28	63
CC1CN(c2nc3c(c(=O)[nH]2)CCN(c2c4c(nc5ncnn52)CCC4)C3)CC(C)O1	ZINC12145239	27	19	31	19	25
COc1cc(C=CC(=O)[O-])cc(Cl)c1OCC(C)C	ZINC03394207	38	40	41	40	33
Cc1cc(C)cc(NC(=O)CN2C(=O)NC(C)(c3ccc(C#N)cc3)C2=O)c1	ZINC36848343	25	32	44	30	61
O=[N+]([O-])c1ccc(NCCNc2cccc[nH+]2)nc1	ZINC36874853	45	38	33	24	50
CC(=O)Nc1cccc(C(=O)N2CCC(C(=O)[O-])CC2)c1	ZINC36972851	11	22	14	27	7
CCCN(CC)c1ccc(C(=O)[O-])c[nH+]1	ZINC37095369	12	14	7	17	7
CC1=CC(=NNC(N)=O)C(C(C)C)CC1	ZINC04266531	24	11	9	30	7
Cc1ccc(CN(C(=O)C([NH3+])C(C)C)C2CC2)cc1	ZINC37809011	30	21	17	55	6
COc1ccc(Cn2nnc(C(=O)Nc3ccc(F)cc3)c2N)cc1	ZINC00099714	50	38	53	41	65
CC(C)=CC(=O)Nc1c(C)cc(C)cc1Cl	ZINC00145700	56	63	28	34	20
COc1nc(N(C#N)CC(N)=O)nc(N2CCCC2)n1	ZINC00110897	19	12	12	21	10
CC(=O)C1=C(C)OC(N)=C(C#N)[C@@H]1c1cccc2ccccc21	ZINC00492980	55	67	53	47	72
COc1ccc(NC(=O)c2ccccc2NC(=O)C2CC=CCC2C(=O)[O-])cc1	ZINC00627648	21	36	55	32	25
Cc1c(C)n(CCC(=O)[O-])c2ccccc12	ZINC00818928	36	32	15	26	9
CCOc1ccccc1NC(=O)CN1C(=O)C(CC)SC(CC)C1=O	ZINC02711084	31	46	26	41	47
CCOC(=O)C1=C(CN2c3ccccc3CC2C)NC(=O)N[C@@H]1c1ccccc1	ZINC01355887	31	77	66	71	79
COc1ccc(C(=O)Nc2cc(OC)c(Cl)cc2Cl)cc1	ZINC01392299	83	83	64	43	63
Cc1ccc(N2CCN(C(=O)c3cc(C(=O)c4ccccc4C)c[nH]3)CC2)c(C)c1	ZINC01404005	19	53	76	65	85
Cc1ccc(C)c(N2CCN(C(=O)c3ccc(CS(=O)Cc4ccc(Cl)cc4)o3)CC2)c1	ZINC09115835	15	50	77	53	88
Cc1cc(NC(=O)COC(=O)c2oc3c(ccc4ccccc34)c2C)no1	ZINC03361229	65	61	61	37	64
CC(C)(C)N1CC(c2nc3ccccc3n2Cc2ccccc2)CC1=O	ZINC13135680	52	62	60	74	71
CN(N=Cc1cccnc1)c1cnn(-c2ccc(F)c(Cl)c2)c(=O)c1Cl	ZINC04588085	60	51	72	39	57
CC(NC(=O)c1ccc([N+](=O)[O-])o1)C12CC3CC(CC(C3)C1)C2	ZINC04520401	10	46	25	39	34
COc1ccc(NC(=O)CCCn2cc([N+](=O)[O-])cn2)cc1	ZINC04686774	41	23	28	37	53
Cc1nc2ncnn2c(C)c1CCC(=O)NCc1ccc(Cl)cc1	ZINC04936030	60	49	46	33	55
CCc1cccc(NC(=O)CCc2nc(-c3cccs3)no2)c1	ZINC04969557	78	79	55	50	81
Cc1cc(C)cc(NC(=O)c2ccc(NC(=O)C3C4CC5OC(=O)C3C5C4)cc2)c1	ZINC37867547	6	44	52	44	59
C(=C1C=Cc2ccccc21)c1cc2c3c(c1)CCCN3CCC2	ZINC16919344	60	75	46	88	19
O=C(Nc1ccc(F)c([N+](=O)[O-])c1)C(=O)c1c([O-])[nH]c2ccccc21	ZINC18061542	46	51	50	28	48
O=C(C1CC(=O)N(c2ccc(Cl)cc2)C1)N1CCN(Cc2ccc3c(c2)OCO3)CC1	ZINC19920635	11	32	36	43	71
CC[NH2+]Cc1cc2cc(C)ccc2[nH]c1=O	ZINC20358264	76	32	17	34	10
O=C([O-])C1CC(O)CN1c1nc(Cl)ccc1[N+](=O)[O-]	ZINC20444815	8	13	15	26	6
CCn1cc2nc(SCc3ccc(C)cc3)n(CCc3ccccc3)c(=O)c2n1	ZINC07006396	53	81	88	53	87
CC(C)(Oc1ccc(Cl)cc1)C(=O)OCc1nc2ccsc2c(=O)[nH]1	ZINC07986657	55	67	74	19	70
Cc1csc(SCC(=O)NC2CCCC2)n1	ZINC07196202	23	47	28	45	17
CC1(C)NC(=[NH2+])NC(=[NH2+])N1CCCCc1ccccc1	ZINC03954183	17	42	16	46	12
O=C(COC(=O)c1cccc2ccccc21)NCCCc1ccccc1	ZINC02636548	68	89	83	62	87
NC(=O)NC(=O)COC(=O)c1ccccc1OCc1ccc(F)cc1	ZINC03268797	37	38	50	37	54
O=C([O-])c1ccccc1C=NNC(=O)c1ccc(COc2cccc3cccnc32)cc1	ZINC03288044	31	54	71	38	38
O=C(NCCN1C(=O)CCC1=O)c1ccncc1	ZINC04296037	19	10	15	11	16
CCn1cc2nc(SCC(=O)Nc3ccc(OC)cc3OC)n(Cc3ccc(Cl)cc3)c(=O)c2n1	ZINC08592626	21	23	67	19	89
O=C(CC1Nc2ccccc2NC1=O)Nc1cccc([N+](=O)[O-])c1	ZINC00065841	33	36	32	33	43
COCC(C)N(C)C(=O)c1ccnc(Cl)c1	ZINC37992159	37	12	19	23	17
CCOC(=O)C(NC(=O)c1ccco1)(Nc1ccc(C)cc1)C(F)(F)F	ZINC03103583	47	66	56	51	61
COc1ccc2[nH]c(=O)c(CN(C(=O)COc3ccccc3)C(C)C)cc2c1	ZINC08606820	62	86	63	57	95
COc1ccc(C2Nc3ccccc3C(=O)N2)cc1O	ZINC00146021	56	48	45	40	48
Cn1c2nc3n(c2c(=O)n(Cc2ccc(Cl)cc2)c1=O)CCN3Cc1ccco1	ZINC03015566	65	43	56	15	64
CC(O)C(=O)NCCOCCOCCNC(=O)C(C)O	ZINC12438318	5	20	21	23	13
COc1ccccc1N(CC(=O)NCCSc1ccccc1)S(C)(=O)=O	ZINC02929537	38	41	50	50	64
CC(=O)NCCc1ccc(-c2csc(NC(=O)C3CC(=O)N(C4CCCC4)C3)n2)cc1	ZINC09670669	14	27	33	42	63
CC(C)CCC(CC(C)O)c1nnc([S-])n1-c1ccccc1	ZINC02303650	41	50	41	70	48
COc1cccc(NC(=O)Nc2c3ccccc3nc(=O)n2Cc2cccs2)c1	ZINC07596867	55	45	57	32	78
COc1cccc(N2C(=O)C(=Cc3ccc(C(C)C)cc3)N=C2SC(C)C(=O)NC2CC2)c1	ZINC09507054	12	65	71	64	93
CC(=O)OC1(C(C)=O)CCC2C3CCC4=CC(=O)CC[C@@]4(C)C3(F)C(O)CC21C	ZINC04369854	1	9	21	10	34
Fc1ccc(CN(Cc2ccccc2)C(c2cccs2)c2nnnn2C2CCCCC2)cc1	ZINC20098726	17	61	79	67	93
Cc1cc(Br)ccc1OCC(=O)Nc1cc([N+](=O)[O-])ccc1F	ZINC00674994	73	68	69	30	60
Cc1c(Br)c([N+](=O)[O-])nn1CC(=O)NCc1cccnc1	ZINC00797416	28	19	27	33	30
CC(C)c1cc(C(=O)NC(C)c2ccncc2)cs1	ZINC12382874	75	65	43	51	53
COCC[NH+](CCOC)CCC(=O)OC	ZINC39368926	14	8	13	19	4
CC12C(=O)N(c3ccc(I)cc3)C(=O)C1C1c3ccccc3C2c2ccccc21	ZINC00828211	14	59	82	57	71
CC(C)C(C(=O)CC[NH+](C)C)c1ccc(Cl)cc1	ZINC01848526	44	35	28	68	23
Cc1oc(-c2cccc(C)c2)nc1C[NH+](CC1CC1)CC1CCCO1	ZINC39479145	41	42	42	91	57
N#CC1=C(N)n2c3ccccc3nc2C(C#N)C12CCCC2	ZINC01430686	69	49	34	46	56
CCn1cc[nH+]c1CNc1ccc(-c2nc(-c3ccc(OC)cc3)no2)cn1	ZINC39551452	75	68	47	53	77
Cc1ccc(N2C(=O)C3C(C2=O)C2c4ccccc4C3c3ccccc32)cc1Br	ZINC00888088	13	70	85	62	72
O=C(Nc1nnc(C(F)(F)F)s1)C1CCCO1	ZINC00987656	11	19	22	41	12
CC(=O)OC1CCC2(C)C3C(=O)CC4(C)C(C(C)C=CC(C)C(C)C)CC[C@H]4C3=CCC2(OC(C)=O)C1	ZINC36371930	6	24	34	32	43
CC(C)CN1CCOC(CNC(=O)COc2ccc(Cl)c3cccnc23)C1	ZINC39983558	30	23	39	54	53
O=C(CSc1nc2ccc([N+](=O)[O-])cc2o1)N1CCCCC1	ZINC00500708	42	48	28	30	36
CC(C)C(=O)N1CCN(C(C)C(=O)Nc2cc(Cl)ccc2Cl)CC1	ZINC35362524	24	36	45	59	42
COc1cc(CCC2CCN(C(=O)C3Cc4ccccc4S3)CC2)cc(OC)c1	ZINC40033974	16	49	44	86	73
CCn1c2ccccc2nc1SC(C)C(=O)N1CCc2ccccc21	ZINC04484511	78	76	74	67	73
CC(C)n1nc(C(=O)NNC(=O)c2ccc3c(c2)CCO3)c2ccccc2c1=O	ZINC40068725	35	31	57	33	62
CC(Cc1ccccc1Cl)NC(=O)C1CCN(c2ccc(Cl)nn2)CC1	ZINC40111990	40	51	60	76	71
CCOC(=O)c1cnn(-c2nc(C)c(C(C)=O)s2)c1C(F)(F)F	ZINC01394466	47	46	55	45	43
COCCCC(=O)Nc1nc2ccc(OCC(F)(F)F)cc2s1	ZINC40133877	51	53	52	51	53
CCN(CC)S(=O)(=O)c1cc(NC(=O)C(C)NC(=O)Nc2ccccc2)ccc1C	ZINC40159438	17	36	50	44	74
COc1cc(OC)cc(-c2nnc3sc(Cn4nc(C)cc4C)nn32)c1	ZINC40284815	63	56	46	43	53
CCOc1cc(C=NNC(=O)c2cccs2)ccc1OCc1ccccc1C#N	ZINC04513456	46	73	83	46	91
CC1(NC(=O)c2cnn(Cc3ccccc3)c2)CCS(=O)(=O)C1	ZINC40466541	23	34	44	18	28
COC(=O)Cc1c(C)nc(-c2ccccc2)[nH]c1=O	ZINC08989749	81	28	15	16	40
Cn1cnnc1C1CCCN(C(=O)CCc2ccccc2)C1	ZINC40513420	27	40	18	64	40
CC(=O)Nc1ccc(NC(=O)NC(C)C(C)C)cc1C	ZINC40526919	28	30	15	35	22
ClC(c1ccc(Oc2ncccn2)cc1)C1CC1	ZINC40542975	78	75	36	55	56
O=C(Nc1cccnc1)N1CCCC1c1ccsc1	ZINC40554864	47	46	34	43	54
CCOc1ccc(-n2nnnc2SCC(=O)NCc2ccccc2)cc1	ZINC00622980	61	67	49	46	83
COC1CC(O)C(CO)O1	ZINC04533472	2	10	4	11	0
Cc1cccc(CN2CCN(C(=O)c3cc(NC(=O)C4CCCCC4)n(C)n3)CC2)c1	ZINC40753174	4	13	42	39	56
O=C(Nc1cccc(NC(=O)c2ccccc2)c1)c1ccccc1	ZINC00075623	55	78	71	46	66
CCn1nc(C)c(NC(=O)c2nnn(Cc3ccccc3)c2C)c1C	ZINC40785481	54	53	45	35	56
Cc1ccc2c(c1)NC(=O)C(CC(=O)Nc1ccn(C)n1)O2	ZINC40789771	37	17	11	22	19
Cc1ccc(C)c(NC(=O)C2(C)Oc3ccc(C)cc3N(C)C2=O)c1	ZINC40797745	54	69	56	43	56
COc1ccc2c(c1)C(O)(CC(=O)c1cccc(Br)c1)C(=O)N2	ZINC01320670	45	69	71	47	65
CCCc1ccc([C@@H]2C3=C(Nc4c2c(=O)n(C)c(=O)n4C)c2ccccc2C3=O)cc1	ZINC00795138	27	66	82	42	62
CCc1noc(C2CCCN(C(=O)c3ccccn3)C2)n1	ZINC41122361	33	24	20	20	36
C=CCNc1nc(NCCO)c2ccccc2[nH+]1	ZINC41150115	60	19	8	31	25
O=C(c1c2ccccc2c2cc3ccccc3oc1-2)C(F)(F)F	ZINC03126150	77	70	56	45	49
O=C(c1cccs1)N1CCOC2CCCCC21	ZINC41194589	20	31	18	35	17
CN(C)c1ccc(C(c2nnnn2C(c2ccccc2)c2ccccc2)[NH+](C)C)cc1	ZINC04599827	36	46	60	82	71
CCCCN1C(=O)c2ccccc2C1Sc1ccc(OC)cc1	ZINC04603297	73	86	59	67	63
CC(Oc1ccc(Cl)cc1Cl)C(=O)Nc1cc([N+](=O)[O-])ccc1F	ZINC00672457	62	67	70	37	51
COCc1cc(C)nc(Nc2ccc(OC)cc2)c1C#N	ZINC01425212	75	65	24	54	71
CCS(=O)(=O)c1ccc(N2CCCCC2C)cc1N	ZINC42783769	23	41	24	40	28
CCOC(=O)c1c(-c2ccc(OC)cc2)csc1NC(=O)c1cccc(OC)c1	ZINC00685852	55	83	73	47	87
CCOc1ccccc1NC(=O)c1cccc(NC(=O)C=Cc2ccccc2)c1	ZINC00683294	53	81	79	52	77
c1c2ccccc2oc1-c1nn2c(nnc2-c2ccncc2)s1	ZINC02439577	89	76	37	46	66
CCC(Sc1nnc(N)s1)C(=O)Nc1ccc(Br)cc1	ZINC00624545	53	50	61	35	53
Cc1ccc(N2C(=O)CC2(C(=O)NC2CCCCC2)c2ccccc2F)cc1	ZINC03034966	18	65	67	56	69
O=C(Nc1ccccc1OC(F)(F)F)N1CCN(c2ccccc2O)CC1	ZINC43879412	47	41	38	56	37
O=C(Nc1ccc(NC(=O)N2CCc3ccccc3C2)cc1)c1ccco1	ZINC43977622	49	62	62	39	56
CCOC(=O)C1=C(C[NH+]2CCC(C)CC2)NC(=O)N[C@@H]1c1cc(C)ccc1C	ZINC01422119	6	34	23	63	51
Cc1cccc(NC2SC(=O)N(CCC(=O)[O-])C2=O)c1	ZINC02318582	10	16	15	21	9
COc1ccc(-c2cnc(SCC(C)C)n2-c2ccc(F)cc2)cc1	ZINC44087005	93	96	83	79	80
COc1ccc(C(N)C[NH3+])c(F)c1F	ZINC44473203	21	5	18	28	8
CC1CCN(c2ncnc3c4cc5c(nc4oc32)CC(C)(C)OC5)CC1	ZINC02221298	48	50	39	66	45
Cc1cccc(OCc2nnc(SC(C)C(=O)Nc3ccc(N)cc3)n2-c2ccccc2)c1	ZINC00930588	24	67	84	49	94
O=C(CSCc1ccc([N+](=O)[O-])cc1)NCC1CCCO1	ZINC04724118	26	30	18	37	20
CCOC(=O)C(Nc1ccc(Br)cc1)C(=O)OCC	ZINC01689930	43	41	28	32	32
Cc1cccc(C2C(C(=O)c3ccccc3)N3c4ccccc4C=CC3C2(C#N)C#N)c1	ZINC03880269	30	59	78	31	75
CCn1c(=O)c(-c2noc(C(=O)N(C)Cc3ccccc3)n2)nn(-c2ccc(F)cc2)c1=O	ZINC45945896	36	22	50	30	53
CC(=O)Nc1ccc(N2CC(C(=O)Cl)CC2=O)cc1	ZINC45953765	38	17	13	28	10
COc1ccc(NC(=O)c2ccc3c(c2)CCCN3C(=O)c2ccccc2)cc1	ZINC46078461	50	73	68	56	71
CC(CCc1ccccc1)NC(=O)CSc1ccc(Br)cc1	ZINC03222156	75	91	79	83	71
CC(=O)Oc1cccc(C(=O)Nc2cccc(C)n2)c1	ZINC04842177	64	44	22	19	53
CCn1cnnc1CNC(=O)C1CCCN(C(=O)c2cccs2)C1	ZINC47020767	17	14	32	24	18
C[NH+](C)Cc1ccccc1C=C(c1ccccc1)c1ccccc1	ZINC01713601	52	74	59	83	27
COCCOc1cc(C)ccc1NC(=O)N1CCOC(C)C1	ZINC47854190	33	35	17	31	18
CCOC(=O)C=Cc1ccc(NC(=O)NCc2ccc[nH+]c2N(C)C)cc1	ZINC48064687	53	44	47	45	77
CNS(=O)(=O)c1ccc(C(=O)N2CCC3CCCCC3C2)o1	ZINC48071451	6	23	28	27	11
CC1CN(C(C)(C)CNc2ncccc2[N+](=O)[O-])CC(C)O1	ZINC28936728	25	39	21	35	31
Cc1ccc(Cl)c(OC(=O)CCCOc2ccc(Cl)cc2Cl)c1	ZINC02864996	66	82	80	45	39
CN(Cc1ccsc1)C(=O)Cn1cnc([N+](=O)[O-])n1	ZINC48315093	22	12	19	23	16
Cc1cccc(N2C(=O)c3ccccc3NC2c2csnn2)c1	ZINC48356263	55	61	51	36	72
CC(C)C1CCC(C)CC1OC(=O)CCc1ccccc1	ZINC04956294	40	80	48	49	27
Clc1cccnc1SCc1csc(-c2cccs2)n1	ZINC48424854	78	83	70	66	63
CCCn1cnc2sc(C(=O)[O-])c(C)c2c1=O	ZINC04967407	23	19	14	10	6
CC(Oc1ccc(Cl)cc1Cl)C(=O)NCCCNC(=O)c1cnccn1	ZINC04985455	35	36	47	50	53
O=C([O-])CCSC(=S)Nc1ccccc1O	ZINC01700933	14	11	40	33	18
CCCNC(=O)C(=O)NCC(c1ccco1)[NH+]1CCN(c2ccccc2)CC1	ZINC04272821	22	32	38	47	56
Cc1ccccc1-c1noc(C(C)NC(=O)C(C)C)n1	ZINC04998365	62	55	27	35	38
O=C(NCc1ccccc1)C(=Cc1ccco1)NC(=O)c1ccccc1Cl	ZINC05007858	54	82	92	48	78
CCOC(=O)c1c(Cc2cccc(C)c2)c[nH]c1-c1ccccc1	ZINC05016842	85	92	54	59	68
CCOc1ccccc1C(=O)NC1CCN(C(=O)c2cn(-c3ccc(C)c(C)c3)nn2)CC1	ZINC49406336	8	32	56	37	81
O=C(NCCC[NH+]1CCN(c2ccccc2)CC1)C(=O)Nc1cccnc1	ZINC49521016	35	37	42	45	35
CCCCCCn1c(-c2cc(OC)c(OC)c(OC)c2)nc2nc3ccccc3nc21	ZINC05030269	74	61	63	61	82
CN1CN(c2ccccc2)C2(CCN(c3nc4ccccc4s3)CC2)C1=O	ZINC01664552	31	51	40	56	66
O=C(CCC(=O)c1ccc(Cl)s1)NC1CCCCC1	ZINC49906174	27	66	38	65	42
[NH3+]CCCCCc1ccccc1	ZINC01726903	56	33	22	28	4
CCn1c2ccccc2c2cc(C=Nc3ccc(OC(F)(F)F)cc3)ccc21	ZINC02266378	77	73	64	66	64
Cc1ccc(C)c(CSc2nnc(C(C)NC(=O)OC(C)(C)C)o2)c1	ZINC02380172	35	54	49	50	61
CCCC(=NO)c1ccccn1	ZINC04698719	32	7	15	31	4
CCc1c(C(=O)NCc2ncc(C)c(OC)c2C)[nH]c(C)c1C(C)=O	ZINC50447883	44	35	44	48	78
O=C(NCCSCc1ccc(Cl)cc1)c1ccccc1Cl	ZINC02982042	73	93	77	62	64
Cc1c(C(=O)NCCc2ccccc2)oc2c1C(=NO)CC(C)(C)C2	ZINC13557347	47	74	59	52	77
C=CCn1c(-c2ccc(Br)cc2)nc2nc3ccccc3nc21	ZINC02404210	98	87	50	60	73
COc1ccc(CNc2oc(C=Cc3ccccc3)nc2C#N)cc1	ZINC05176190	83	91	62	71	82
Clc1cc2c(cc1C=Nc1c(-c3ccco3)nc3ccccn31)OCO2	ZINC01059509	97	79	61	72	81
O=C(COc1cccc(Cl)c1)Nc1ccc(C(=O)CCl)cc1	ZINC01749789	64	77	68	60	61
CC(=O)C(=NNc1ccc([N+](=O)[O-])cc1)Sc1cccc2cccnc21	ZINC12363964	56	66	66	39	57
CC(C)CN1C(=O)NC(NC(=O)C2CCCCC2)(C(F)(F)F)C1=O	ZINC03017806	19	30	40	44	24
O=C(COC(=O)c1ccccc1Cl)NCCc1ccc(Cl)cc1	ZINC03507115	72	85	76	55	60
COc1ccc(C2CC(C(F)(F)F)n3ncc(C(=O)N4CCN(c5ccccc5)CC4)c3N2)cc1OC	ZINC03012466	8	37	50	35	82
CCSCCOC(=O)C1=C(C)Nc2ncnn2[C@@H]1c1cccc(C)c1	ZINC04987244	54	66	68	59	80
Cc1cccc(C)c1NC(=O)C(Cc1c[nH]c2ccccc12)NC(=O)Oc1ccccc1	ZINC00871695	38	78	90	63	96
O=c1cc(C[NH+]2CCN(c3ccc(F)cc3)CC2)c2cc(Cl)ccc2o1	ZINC05265410	68	66	68	62	56
CCOC(=O)c1cnc(NN=C(CC(=O)c2cccs2)C(F)(F)F)s1	ZINC05274682	41	64	64	49	57
CC1CCCC(NC(=O)Cn2cc(C(F)(F)F)ccc2=O)C1C	ZINC05325089	23	46	34	60	32
Cn1cc(NC(=O)COc2ccc(C(F)(F)F)cc2)cn1	ZINC52643972	62	31	33	37	53
CC(=O)c1ccc(NC(=O)COc2cc(C)ccc2Cl)cc1	ZINC03494308	72	84	54	51	65
CC(C)Oc1ccccc1C=C1C(=O)NN(c2cccc(Br)c2)C1=O	ZINC05381422	56	69	76	49	69
C[NH2+]C1CCCN(c2cccnn2)C1	ZINC53205008	12	5	12	15	4
C=CCOc1ccc(-c2nn(-c3ccccc3)cc2C=c2sc3nc(-c4ccc(Cl)cc4Cl)nn3c2=O)cc1	ZINC01816589	22	52	76	44	69
COc1ccc(C2CC(=O)C3=C(C2)OC2=C(C(=O)CC(c4ccc(OC)cc4)C2)C3c2ccc(OC)c(OC)c2)cc1	ZINC01904987	6	71	87	25	86
CCC1CN(C(C)=O)CCC1CC(=O)NCc1ccc2c(c1)OCO2	ZINC05414209	21	17	19	55	41
COc1cccc(CN(C)C(=O)NCCc2ccc(Cl)cc2)c1	ZINC17112509	78	81	55	73	77
COc1ccccc1CNC(=O)CSc1cc(Cl)ccc1Cl	ZINC05460140	77	92	83	72	71
COc1ccc(-n2c(=O)[nH]c(=O)c3c2NC[NH+](C2CCCC2)C3)cc1	ZINC05487454	38	44	36	37	39
O=C(COc1ccc(NC(=O)C2CC2)cc1)Nc1ccc(Br)cc1	ZINC54245582	59	71	67	56	71
C[NH2+]C1(c2nnnn2-c2ccccc2C)CCCC1	ZINC05509771	61	40	17	52	32
CN(CCC(=O)N(CCc1ccccc1)CC1CC[NH+](C)CC1)C1CCS(=O)(=O)C1	ZINC55090440	4	26	16	52	27
CSc1nnc(CC2CCN(C(=O)c3ccc(C)cc3F)CC2)n1C	ZINC55183275	21	45	45	46	51
CCCCC1=NC(=O)C2(CCN(C(=O)c3cc(F)cc(Cl)c3)CC2)N1	ZINC55211718	16	28	46	49	47
CCS(=O)(=O)c1ncc(CN2CCCC2c2ccccn2)n1CCOC	ZINC15078183	20	26	31	35	36
CCc1ccc(NC(=O)C(C)Sc2nc(CC)c(C#N)c(=O)[nH]2)cc1	ZINC05239001	39	31	57	42	74
COc1ccc(N2CC[NH+](C3CCCN(CC4=Cc5cccc(OC)c5OC4)C3)CC2)cc1	ZINC22851660	12	20	33	76	53
COc1ccc(Cl)cc1C(=O)NCC1COc2ccccc2O1	ZINC05630966	85	82	62	56	81
CSc1ncccc1C(=O)Nc1ccc(C)cc1Cl	ZINC05637342	84	82	52	38	63
Cn1c2c([nH]c(=S)n2CC2CCCCC2)c(=O)n(C)c1=O	ZINC06494513	46	22	40	17	23
O=C1C[NH+](CCc2ccccc2)CC(=O)N2C(c3ccccc3)CCCN12	ZINC05707524	14	45	52	59	50
CC(C)c1ccc(-c2cc(C(=O)NN=C3CC[NH+](C(C)C)CC3)c3ccccc3n2)cc1	ZINC05727530	14	55	70	69	73
Cc1ccc(-c2cc(=O)[nH]c(Nc3ccc(Cl)c(F)c3)n2)cc1	ZINC57342129	90	77	56	47	65
Cc1ccsc1C(=O)OCc1nc2sc(C)c(C)c2c(=O)[nH]1	ZINC08457882	49	60	52	25	61
CC(NCc1cccc(C(F)(F)F)c1)C(=O)Nc1cccc(C#N)c1	ZINC57406486	66	72	62	60	67
C[NH2+]C1CCN(Cc2ccccc2F)CC1	ZINC37241451	20	21	19	47	13
CC1CCCC(NC(=O)COC(=O)c2ccccc2OCCOc2ccccc2)C1C	ZINC05785811	10	76	70	66	91
O=C(CN1c2cccc3cccc(c23)S1(=O)=O)NCc1ccc(OC(F)F)cc1	ZINC15812323	35	42	68	39	74
CCc1cccc(C)c1NC(=O)COC(=O)c1ccc2c(c1)nnn2CC	ZINC05805083	59	61	61	54	83
CC(=O)NCC(=O)OCc1ccc(C(C)(C)C)cc1	ZINC00515328	35	21	5	27	15
COc1cc(C=C2C(=O)NC(=O)c3ccccc32)cc(OC)c1OC(F)F	ZINC15662074	62	65	69	43	78
CCc1nc2cc(NC(=O)CCC3CCCO3)ccc2o1	ZINC58063045	52	36	4	53	26
FC(F)(F)c1cccc(-c2noc(CSc3nnnn3CCc3cccs3)n2)c1	ZINC10985499	48	44	55	40	65
FC(F)Oc1cc(Cl)ccc1C1=Nc2ncnn2C(c2ccc(Cl)cc2)C1	ZINC02918979	63	62	69	61	72
O=C(Cc1c(Cl)cccc1Cl)Oc1ccc(OCc2ccccc2)cc1	ZINC03320622	64	89	91	46	62
CCCn1c(=O)[nH]nc1SC(C(=O)c1c[nH]c2ccccc12)c1ccccc1	ZINC07191753	61	65	76	45	70
O=C(Nc1ccc2c(c1)OCO2)N1CCN(Cc2cccc([N+](=O)[O-])c2)CC1	ZINC58147729	38	39	41	33	53
Clc1ccc(NC2=NN=C(c3ccccc3)CS2)cc1Cl	ZINC05859393	70	76	60	80	59
CC1CC(C)CN(S(=O)(=O)c2ccc(C(=O)N3CCN(C(=O)c4ccccc4)CC3)cc2)C1	ZINC13072255	3	35	51	26	82
O=C(C1CC(c2ccccc2)=NO1)N1CCCC(CN2CCN(c3cccc[nH+]3)CC2)C1	ZINC58167929	3	20	40	45	60
COc1ccc(C(C)=O)cc1CSc1nnc(-c2ccco2)n1C1CCCCC1	ZINC05866614	62	75	63	65	89
O=C(Nc1nc(-c2ccco2)cs1)c1cccc(N2CCNC2=O)c1	ZINC53290309	71	34	46	34	59
Cc1ccc(CN(Cc2ccco2)C(=O)Nc2ccccc2C(C)C)s1	ZINC58330100	65	84	71	68	91
C=CCNC(=O)c1ccccc1NC(=O)CCn1ncc(=O)c2ccccc21	ZINC52938497	45	35	63	46	70
CC1CC1c1ccc(CN(C)S(=O)(=O)c2c(Cl)nc3ccccn32)o1	ZINC54828637	42	69	75	35	62
Cc1csc(C(O)(CC(=O)NCCc2ccccc2C)C(F)(F)F)n1	ZINC58378028	49	66	61	61	61
CCn1c2ccccc2c2cc(NC(=O)COC3CCCC3)ccc21	ZINC58394095	74	71	55	71	67
CC(NC(=O)CSc1cccc[n+]1[O-])c1cc2c(cc1Br)OCCO2	ZINC58417414	50	48	59	50	39
O=C(NNc1c(Cl)cc(Cl)cc1Cl)C1CCN(c2ncccn2)CC1	ZINC42195860	37	43	57	43	51
Cc1cc2n(n1)C(c1cc(C(C)(C)C)c(O)cc1O)Nc1c(C)cc(C)cc1-2	ZINC06044067	50	69	68	73	61
CCOc1cc(-c2ccc(O)cc2)cc(=Nc2ccc(C)cc2)c2c(C)oc(C)c21	ZINC05906037	59	78	78	69	63
CSCCC(C(=O)Nc1cccc(C(=O)[O-])c1)N1C(=O)c2ccccc2C1=O	ZINC05919089	25	33	44	31	23
Cc1cc(C)c(-c2csc(NC(=O)Cn3cnc4cc(F)ccc4c3=O)n2)c(C)c1	ZINC31780569	64	64	71	47	71
CN(C)C(=O)C[NH+](C)Cc1ncc(C(C)(C)C)o1	ZINC58745541	22	21	13	30	9
CC(=O)N1CCN(CC(=O)N(C)C)CC1	ZINC58874595	11	10	19	14	9
Cc1ccc(COc2ccc(C=NNC(=O)CCC(O)c3ccccc3)cc2)cc1	ZINC58888865	42	80	87	69	81
O=[N+]([O-])c1ccc(OCc2nc3ccccc3o2)c(F)c1	ZINC47355113	78	70	56	27	58
CCCOc1ccc(NC(=O)CC2CCS(=O)(=O)C2)cc1	ZINC04392700	14	26	26	38	9
Cc1ccc(C)c(S(=O)(=O)NCC(=O)N2CCN(c3ccccc3)CC2)c1	ZINC00630578	24	44	55	52	61
Cc1ccc(Cl)cc1NC(=O)COC(=O)CC(C)(C)CC1=NS(=O)(=O)c2ccccc2N1	ZINC08608507	7	37	57	35	78
O=C1c2ccccc2S(=O)(=O)N1CCCCCBr	ZINC02145736	21	40	43	42	25
COc1c(Br)c2ccccc2cc1C(=O)Nc1cc(C(=O)[O-])ccc1C	ZINC20139227	44	67	75	35	42
COC(=O)C(=O)NNc1ccc([N+](=O)[O-])cc1	ZINC59700185	21	10	17	19	9
O=C(NCC(F)(F)F)c1cccc(S(=O)(=O)[N-]c2ccccc2-n2cnnn2)c1	ZINC59777412	33	36	44	38	51
Cc1ccc(C(=O)Nc2ccc(S(=O)(=O)N(C)Cc3ccccc3)cc2)cc1	ZINC00675446	42	89	90	56	88
O=C(CCCc1cccs1)Nc1cccc(C(=O)N=c2[nH]c3ccccc3[nH]2)c1	ZINC59893545	46	78	74	56	87
C=C(Br)CSc1nnc2n1c1ccccc1c(=O)n2CCC	ZINC59926203	84	73	69	44	52
N#Cc1ccc(N2CCCC(CNS(N)(=O)=O)C2)nc1	ZINC60378776	9	18	17	20	5
O=[N+]([O-])c1ccc(-c2nnc(CSc3nncn3-c3ccccc3)o2)cc1	ZINC07677521	32	56	44	36	55
Cc1cc(C)c(C)c(S(=O)(=O)N2CCN(C(=O)C3CC3C)CC2)c1C	ZINC14692563	9	42	38	54	54
CC(=O)NC12CC3CC(C1)CC(C(=O)NCC(c1ccco1)[NH+](C)C)(C3)C2	ZINC06083406	3	19	22	52	18
O=CC(=O)c1ccco1	ZINC06093488	10	6	12	7	2
CN(Cc1ccc(Cl)s1)C(=O)CCc1ccsc1	ZINC60668950	67	73	59	55	55
O=C(NCc1ccccc1Cn1cccn1)C1CCC(=O)NC1	ZINC47794908	23	31	22	45	35
Cc1ccc(C)c(S(=O)(=O)Nc2ccc(S(=O)(=O)N3CCCCC3)cc2)c1	ZINC00937641	23	57	71	37	62
COc1ccc(S(=O)(=O)N(CC(=O)Nc2ccc(Br)cc2)c2ccc(F)cc2)cc1OC	ZINC00982658	37	57	74	43	79
CCOC(=O)N1CCN(S(=O)(=O)c2cc(OC)ccc2OC)CC1	ZINC01017812	21	33	26	28	24
CN(C)c1c(F)cc(NC(=O)N2CCN(CC(F)F)CC2)cc1F	ZINC61775445	35	28	39	42	22
CCc1ccccc1N(CC(=O)Nc1cc(Cl)ccc1C)S(C)(=O)=O	ZINC01173106	53	80	77	45	81
C=C1CCC2C(CN3CCN(c4ccccc4)CC3)C(=O)OC2C2C1CC1OC12C	ZINC61991184	6	30	23	52	56
COc1ccc(S(=O)(=O)NC(C)C(N)=O)cc1	ZINC04869886	3	9	8	12	5
O=C1C(Cl)=C(Cl)C(=O)N1C1CCS(=O)(=O)C1	ZINC04387311	6	20	23	31	14
Cc1ccc(-c2c(C(=O)[O-])nnn2Cc2ccccc2)cc1	ZINC62273629	41	62	24	39	40
CN(Cc1ccccc1)S(=O)(=O)c1ccc2[nH]cc(C(=O)N3CCC4(CC3)OCCO4)c(=O)c2c1	ZINC06181007	7	35	56	29	80
COc1ccc(OC)c(NC(=O)CN(c2cc(C(F)(F)F)ccc2Cl)S(C)(=O)=O)c1	ZINC01138249	36	42	70	34	65
CN(C)c1ccc(CNC(=O)C2CCCN(S(=O)(=O)c3c[nH]cn3)C2)cc1	ZINC04925421	12	30	28	36	27
O=[N+]([O-])c1ccccc1C1Nc2ccccc2-c2nc3ccccc3n21	ZINC12491172	86	69	65	29	55
Cc1ccc(-c2cc(C(=O)NCc3ccc(S(N)(=O)=O)cc3)c3ccccc3n2)cc1C	ZINC02767755	33	65	89	45	74
Cc1cc(OC(=O)c2cccc(Cl)c2)cc2c1C(=O)C(=Cc1cc(Cl)cc3c1OCOC3)O2	ZINC41358553	35	56	92	33	78
O=C(Nc1ccc2occc(=O)c2c1)c1cccc(F)c1	ZINC41430979	81	68	62	33	60
CCOc1ccccc1C=C1Oc2c(c(C)cc(O)c2C[NH+]2CCCCC2C)C1=O	ZINC41511319	12	47	57	60	57
Cc1cc2c(c3c1C(=O)C(=Cc1ccccc1C)O3)CN(C1CCS(=O)(=O)C1)CO2	ZINC41647797	16	52	62	28	78
COc1ccc(C=NNC(=O)c2cccc(Cl)c2)cc1Cn1cnc([N+](=O)[O-])n1	ZINC06245675	38	36	36	31	66
Cc1occc1C(=O)Nc1nc(-c2ccc(CC(C)C)cc2)cs1	ZINC06254750	88	78	78	50	78
CCC(=O)c1ccc(OCC(=O)Nc2ccc(Br)cc2Cl)cc1	ZINC06260177	64	82	85	62	71
Cc1ccc2c(C(=O)N3CCCC3C)cc(-c3cnn(C)c3)nc2c1C	ZINC63856365	57	49	45	47	56
CCCCCSc1nc([O-])c(C#N)c(CC)n1	ZINC05238860	37	26	28	40	18
Cc1ccc(-c2cc(C(=O)Cl)c3cc(Br)ccc3n2)o1	ZINC06278991	92	76	56	44	51
N#C[C@@H]1C(SCc2ccc(Cl)cc2)=NC(=O)CC1c1ccc(OCc2ccccc2)cc1	ZINC64062468	22	75	89	54	82
Cc1nn(Cc2cnn(-c3ccccc3)n2)c(=O)c(C#N)c1C	ZINC58341405	47	39	33	21	38
Cc1ccc(C(CNC(=O)C(C)S(=O)(=O)C(C)C)[NH+](C)C)cc1	ZINC58379950	10	17	35	30	18
CCN(CC[NH+](C)C)c1ccc(C(=O)[O-])cc1[N-]S(C)(=O)=O	ZINC33253980	7	31	24	37	16
CCOc1ccc(-c2noc(N3CCC(C(=O)NCc4cccs4)CC3)n2)cc1OC	ZINC35375214	37	32	48	41	81
CC1CCCCN1S(=O)(=O)c1ccc(CC(=O)N2CCCCC2)s1	ZINC35422173	6	36	31	65	48
Cc1ccnc(N2CCC(C(=O)N3CCC(Cc4ccccc4)CC3)CC2)n1	ZINC35454400	8	41	43	78	55
CC(C)CCn1c(SCC(=O)Nc2ccc(F)cc2F)nc2c3cccnc3sc2c1=O	ZINC64699929	28	51	62	43	81
CC(C)c1ccc(NC(=O)Cn2c3nccnc3c(=O)n(CCc3ccccc3)c2=O)cc1	ZINC64775347	27	42	80	26	75
NS(=O)(=O)c1ccc(CCNC(=O)CSc2nc3ccccc3c(=O)n2Cc2cccs2)cc1	ZINC02970688	18	41	55	32	82
CC(=O)c1ccc(N2CCN(C(=O)C3Nc4ccccc4S(=O)(=O)N3)CC2)cc1	ZINC64959801	16	12	38	25	33
COC(=O)C1=CN(c2ccccc2OC)c2ccccc2S1(=O)=O	ZINC64979139	46	49	59	23	61
Cc1ccc(NC(=O)c2cccc(-c3ccc(S(=O)(=O)N4CCCC4)s3)c2)cc1Cl	ZINC64999769	30	78	79	55	83
Cn1c(=O)sc2cc(S(=O)(=O)N3CCN(C(=O)Cc4ccc(F)cc4)CC3)ccc21	ZINC65032585	14	38	53	18	55
Cc1noc(C)c1S(=O)(=O)N1CCC(C(C)C(=O)NCCCN(C)c2ccccc2)CC1	ZINC65061565	2	28	36	38	72
Cc1ccc(CC(=O)N=C2SC3CS(=O)(=O)CC3N2c2ccc(Cl)c(Cl)c2)cc1	ZINC32507379	23	44	64	42	64
COCCCNC(=O)C1CCCN(C(=O)c2ccc(NC(=O)c3ccccc3Cl)cc2)C1	ZINC21706099	7	26	45	43	70
Cc1cnn(C(C)C2CC2)c1NC(=O)CN1CCCCCC1=O	ZINC65383197	10	21	28	36	23
CCCc1cnc(C)nc1N1CCN(Cc2ccccc2)CC1	ZINC65403461	48	49	24	83	51
CCCOC1CCCN(C(=O)Nc2cccc(N3CCOCC3)c2)C1	ZINC65414923	13	28	27	50	15
CSCCC1CC(=O)Nc2c1c(C)nn2CC(=O)[O-]	ZINC65426962	12	10	8	24	3
COc1ccc(OC)c(N2CC(C(=O)N3CCN(C)CC3)CC2=O)c1	ZINC38668074	19	23	31	38	17
Cc1cc(C2CCCN2C(=O)c2cc(C3CC3)[nH]n2)no1	ZINC44858636	25	18	18	32	28
CSc1ccc(C(=O)Nc2ccc(C(=O)N3CCCC3)cc2)cn1	ZINC65518650	38	58	57	51	76
COCCn1cc(C(=O)NNc2ccccc2[N+](=O)[O-])c2ccccc21	ZINC57419842	43	54	64	45	72
CC1Oc2c(cccc2C(=O)Nc2ccc(Cl)cn2)NC1=O	ZINC65589875	39	42	42	37	42
CCC(C)[NH+](C)CCNC(=O)NCC(c1ccco1)[NH+]1CCCC1	ZINC66149455	9	12	25	50	12
CCn1cc(C(=O)Nc2cnn(CC)c2C(N)=O)c(C)n1	ZINC02781667	20	7	15	22	10
COc1noc(COc2ccccc2OCC(O)C[NH2+]C(C)(C)C)n1	ZINC05353058	19	27	20	41	26
CCCC(C(=O)NC1CCCC1)N(Cc1ccc2c(c1)OCO2)C(=O)Cn1nnc(-c2ccc(C)o2)n1	ZINC06501038	10	30	31	24	78
Cc1ccc(NC(=O)COc2ccccc2OCC(F)(F)F)c(Cl)c1	ZINC66824905	72	72	62	65	54
N#CC(c1ccc([N+](=O)[O-])cc1)N1N=C(c2ccccc2)CC1c1ccccc1	ZINC06530163	32	72	80	39	54
O=C(NC1CCCC1)c1ccccc1C(F)(F)F	ZINC06543323	40	56	35	28	25
Cc1ccccc1-n1c(=O)c2sccc2nc1SCC(=O)Nc1cccc(Cl)c1	ZINC67209139	54	70	89	48	76
Cc1csc2sc(C=C(C#N)S(=O)(=O)c3ccc(Cl)cc3)c(C)c12	ZINC01037827	63	80	67	49	53
O=C1c2ccccc2S(=O)(=O)N1Cn1nnc2ccccc2c1=O	ZINC06560835	21	37	53	15	37
COC(=O)c1cc(C2CC(=O)Nc3cc4c(cc32)OCC(=O)N4)ccc1O	ZINC67472950	40	25	36	33	42
CC(C)(C)OC(=O)N1CCC(C(=O)Nc2nnc(-c3ccc(Cl)cc3)o2)CC1	ZINC06587170	37	30	47	48	57
Cc1n[nH]c(C)c1C(NS(=O)(=O)N1CCCC1)C(=O)[O-]	ZINC67640949	5	15	13	22	6
CC(C)CCC(=O)N1CCOc2c(O)cc(-c3cccc(Cl)c3)cc2C1	ZINC67674611	56	67	78	62	57
CC(C)(C)c1ncc2c(n1)CN(C(=O)C1CC(=O)c3ccccc31)C2	ZINC67712976	39	39	56	59	54
CNc1ccc(C)cc1C(=O)N1CCCC2(CC[NH2+]C2)C1	ZINC67726246	4	22	16	50	15
CCOc1cc([C@@H]2C(C(=O)OCCOC)=C(C)N=C3CC(c4ccc(OC)c(OC)c4)CC(=O)[C@H]32)ccc1O	ZINC06196060	4	48	64	28	92
[NH3+]CC(=O)Nc1ccc(-c2cccc(C(F)(F)F)c2)cc1F	ZINC67756513	74	38	49	34	47
CCNC(=O)C1CC([NH3+])CN1C(=O)c1cc(C(F)(F)F)ccc1Cl	ZINC67770180	18	20	33	49	18
Cc1cc(C(=O)N2CCCC(c3[nH]ncc3-c3ccc(F)cc3)C2)c(=O)[nH]c1C	ZINC67784111	34	48	57	47	67
COc1ccc(C(=O)OCC(=O)c2cc(C)c(C)cc2C)cc1OC	ZINC03411960	68	82	70	54	83
Cc1ccc(NC2(C(=O)NC(C)c3nncn3C)CCCCC2)cc1C	ZINC67804840	28	40	41	53	61
CN(Cc1ccccc1)C(=O)c1nc2ccccn2c1C[NH+]1CCNC(=O)CC1	ZINC19225357	25	34	42	30	35
CNC(=O)CN1c2ccccc2C(=O)N(C)C1c1cc(C)c(OC)c(C)c1	ZINC67963547	35	45	42	42	56
O=C([O-])C[NH+](CC(=O)[O-])C1CCS(=O)(=O)C1	ZINC04013002	2	16	14	18	5
CCOc1ccccc1NC(=O)C=Cc1ccccc1Cl	ZINC00064109	93	87	53	56	72
CCN(CC)S(=O)(=O)c1ccc2nc(CSc3nnc(-c4cccs4)n3CC)[nH]c2c1	ZINC68680580	41	41	56	46	68
CCC(C)c1ccccc1N1CC(C(=O)Nc2ccc(S(C)(=O)=O)cc2)CC1=O	ZINC44672896	12	56	61	55	80
Nc1ccc(OCCOc2ccc(F)cc2)cc1	ZINC06678584	76	54	52	59	48
O=C(Cn1nccc1-c1ccncc1)NCc1cccs1	ZINC68777270	86	49	42	41	80
CCCCOc1ccc(C(=O)NCC(=O)NCCOC)cc1	ZINC68846452	31	22	14	51	20
Cc1cc(Cl)ccc1OC(C)C(=O)NC1(C)CCS(=O)(=O)C1	ZINC49958995	16	32	33	22	18
Cc1cccc(C)c1NC(=O)CNC(=O)C(CC(C)C)NC(=O)c1ccc(Cl)cc1	ZINC17856173	20	57	73	63	85
CCOC(=O)c1c2c(sc1NC(=O)c1nc3ncccn3n1)CCC2	ZINC06720929	33	28	36	28	54
CCCCCNC(=O)c1nn(CC(C)C)c(=O)c2ccccc21	ZINC08471881	48	52	43	51	56
CC[NH+](CC)CCNC(=O)C1CC(=O)N(c2ccc(C)cc2)C1c1cccs1	ZINC69139776	16	35	35	74	54
COc1cc(OC)cc(C(=O)NC(C(=O)NC(C)c2ccc(Cl)cc2)C(C)C)c1	ZINC69161864	28	78	76	52	87
CCOc1ncccc1C(=O)NCC(=O)Nc1c(C)cc(C)cc1C	ZINC17960762	51	64	49	53	77
O=C([O-])C1C(C(=O)NCc2cccs2)C2C=C[C@@H]1CC2	ZINC06742089	14	28	19	38	6
Cc1ccc2nc(C)cc(C(=O)N3CCCC4CCCCC43)c2c1	ZINC69268973	22	41	43	64	56
Cc1ccc(Cn2c3cccnc3nc2SCc2ccc(F)cc2)cc1	ZINC06751045	88	98	88	80	79
CC[NH+](CC)C(CNC(=O)CCc1c(C)noc1C)c1ccccc1	ZINC29192373	41	25	44	84	57
C=CCn1c2ccccc2nc1SC(C)C(=O)NCC(C)c1ccccc1	ZINC69390014	66	80	83	68	86
CC1CCCCC1NC(=O)c1ccccc1-n1cnnn1	ZINC69533975	54	35	22	23	37
CCc1cccc2c1NC(c1ccc(OC)c([N+](=O)[O-])c1)C1CC=CC21	ZINC06740937	50	68	74	56	71
Cc1ccccc1C1CCN(C(=O)CC2CCCO2)C1	ZINC69587660	16	36	10	81	16
CON(C)C(=O)c1cccn1CCc1ccccc1	ZINC69600041	67	46	23	38	51
CC1CC1C(=O)NCCC(=O)Nc1ccnn1-c1cccc(Cl)c1	ZINC69628886	54	30	41	55	64
CC(=O)N1CCCC1C1CCC[NH+]1Cc1cc(=O)n2ccccc2n1	ZINC69667294	12	21	41	38	34
Cc1ccc(CC(=O)N2CCCC2c2cnn(C)c2)s1	ZINC69816686	36	42	26	49	46
Cc1ccc(N2CCCC([NH2+]Cc3cnn(C)c3)C2)nn1	ZINC69900888	25	24	7	40	30
O=C(CN1CCOC(Cn2cncn2)C1)N(C1=CCCCC1)C1CC1	ZINC70005053	12	24	37	34	18
COc1cc(NC(=O)N2CCOc3ccccc32)cc(OC)c1OC	ZINC06842533	68	56	55	32	65
Cn1c2ccccc2nc1CN1CCCC1Cn1cccn1	ZINC70039407	64	52	31	72	55
CCn1c(SCC(=O)Nc2ccc(OC)cc2OC)nnc1-c1ccc(Cl)cc1	ZINC06878391	70	63	67	55	89
CCCOc1ccc(C2CN3C(=O)CN(Cc4ccc(Cl)cc4Cl)C(=O)C3(C)c3[nH]c4ccccc4c32)cc1OCC	ZINC70701454	5	73	92	40	94
Cc1cc([N+](=O)[O-])nn1CCNC(=O)c1ccccc1C	ZINC02796229	48	27	21	20	44
CCOC(=O)C=C1SCC(=O)N1CCOC(=O)c1c(C)onc1-c1ccccc1	ZINC06947861	43	35	48	32	70
O=[N+]([O-])c1ccc(F)cc1S(=O)(=O)[O-]	ZINC22116096	11	13	21	24	9
O=C(C1CCCO1)N1CCN(c2ccc(C(F)(F)F)cc2[N+](=O)[O-])CC1	ZINC06831737	19	38	42	40	35
CCOC(=O)c1ccc(N2C(=O)c3[nH]nc(-c4cccs4)c3C2c2ccc(OC)cc2OC)cc1	ZINC08595441	17	51	81	32	94
CCc1ccc(NC(SC)=C(C#N)S(=O)(=O)c2ccc(C(C)(C)C)cc2)cc1	ZINC71328719	31	82	87	72	86
O=C(c1nn(-c2ccc(Cl)cc2)sc1=NS(=O)(=O)c1ccc(F)cc1)N1CCOCC1	ZINC16957260	20	25	55	24	59
COC(=O)c1ccc(N2CNC(c3ccc(C)cc3)=NC2=S)cc1	ZINC08683642	64	62	48	42	72
Cc1ccc(S(=O)(=O)C2CC[NH2+]C2)cc1C	ZINC71549641	13	38	15	32	6
Cc1oc(-n2cccc2)c(C#N)c1C(=O)Nc1ccc(C)c(Cl)c1	ZINC07061547	74	72	60	33	66
Cc1ccc(-c2ccnc(NC(C)c3nncn3C)n2)c(C)n1	ZINC71747398	52	41	22	37	51
O=c1[nH]nc(C2CCN(c3ncnc4ccsc43)CC2)n1Cc1ccccc1	ZINC71775823	48	47	41	31	69
COP(=O)([O-])N=Nc1ccccc1Cl	ZINC71780494	21	19	14	28	16
CC(C)(C)OC(=O)N1CCN(CC(NC(=O)OCC2c3ccccc3-c3ccccc32)C(=O)[O-])CC1	ZINC71788162	2	33	47	27	41
[NH3+]CCCCc1cn[nH]c1	ZINC71790352	2	11	8	12	6
Cc1cc(NC(=O)C(=O)NCCNc2cccc[nH+]2)ccc1F	ZINC71799731	51	33	41	39	54
CC(=O)N1CCCc2cc(S(=O)(=O)NC3CC4CCC3(C)C4(C)C)ccc21	ZINC71808455	8	49	36	56	56
CC(C)(CNc1ncnc2ccsc21)C(N)=O	ZINC71811103	50	22	12	24	15
Cc1ccc(C(CNC(=O)c2ccc(=O)n(C)n2)N2CCOCC2)o1	ZINC71813793	15	13	21	24	21
NC(=O)C1CC[NH+](Cn2nc(C3CC3)cc(C(F)(F)F)c2=O)CC1	ZINC71817258	8	17	36	40	17
COc1ccc2cc(CNC(=O)CCn3c(C)csc3=O)ccc2c1	ZINC11126763	66	64	74	56	92
COc1cc2c(cc1OC)CCN(C(=O)c1cnn(C)c1)CC2	ZINC56462218	52	27	32	50	39
COC(=O)CCCN(C)C(=O)C(NC(=O)c1cccs1)C(C)C	ZINC25072877	15	12	20	34	16
COC(=O)c1cccn2cc(CSc3ncc(-c4ccccc4)n3CC3CCCO3)nc12	ZINC71844552	43	43	64	34	87
CC(=O)Nc1cccc(CNC(=O)NC(C)C2CCCO2)c1	ZINC48567142	20	20	13	39	8
COc1cc(C#N)ccc1OC(=O)c1cccnc1OCC(F)(F)F	ZINC45301639	63	67	64	41	59
CCNC(=O)C1CCN(C(=O)c2ccc(-c3ccc(F)cc3)o2)CC1	ZINC25726419	54	52	41	51	63
Brc1cccc(-c2csc(C3CC3)n2)c1	ZINC71872680	84	61	56	70	47
CCC1CN(C(C)C(=O)NCC(F)(F)F)CC[NH+]1CC(C)O	ZINC71877553	11	25	29	44	24
CN1C(=O)c2ccc(NC(=O)Cc3csc(Cc4cccc(Cl)c4)n3)cc2C1=O	ZINC71891382	37	51	66	34	69
COc1ccc(C2CCCN2C(=O)Nc2ccc(C(F)(F)F)cc2)cc1	ZINC43278629	60	73	57	71	51
COc1ccc(N2CC(C(=O)NCCCC[NH+]3CCCCC3C)CC2=O)cc1	ZINC46988449	3	18	15	56	26
C[NH+](C)Cc1ccc(CNC(=O)NCC(c2cccs2)[NH+]2CCCC2)cc1	ZINC71913347	18	35	37	61	39
O=C(CSCC(=O)Nc1cccc2cccnc21)Nc1cccc2cccnc21	ZINC71919014	72	67	59	56	72
CC1(c2cc(F)ccc2F)NC(=O)N(Cc2c(Cl)cccc2Cl)C1=O	ZINC07131220	57	60	64	45	56
CC(=O)N1CCN(c2ccc(C(=O)NCC3(c4cccc(C)c4)CCCCC3)cc2[N+](=O)[O-])CC1	ZINC71932256	7	35	50	51	89
CCC1CCCCN1C(=O)NC(C)C1CCCO1	ZINC71936879	13	38	10	56	9
CCOc1cc(NC(=O)N2CCC(C(=O)c3ccccc3)CC2)ccc1OC	ZINC47581875	31	54	52	60	77
CC(NC(=O)C(C)n1ccnc1)c1ccc(OC(F)F)cc1	ZINC52324689	62	51	30	43	63
Cc1c(OCC(=O)N(C)c2ccccc2C(=O)NCc2ccco2)cccc1[N+](=O)[O-]	ZINC71963184	39	44	63	38	77
CCOC(=O)C1=NN(c2ccc(F)c(Cl)c2)C(C(=O)[O-])C1	ZINC71979377	10	21	20	26	8
Cc1noc(CNc2ccc(C(=O)N3CC(C)OC(C)C3)cc2)n1	ZINC55894993	33	17	23	30	30
Cc1nc2cc(NC(=O)c3cccnc3N3CCCCC3)ccc2o1	ZINC56255647	72	49	33	50	72
O=S(=O)(Cc1ccc(Cl)cc1Cl)c1nc2ccccc2[n-]1	ZINC72002644	74	80	62	47	43
Cc1ccc(-c2ccsc2C(=O)Nc2cccc(C3(C)NC(=O)NC3=O)c2)cc1	ZINC72009908	45	53	64	32	65
O=C(NC(c1ccsc1)c1ccc(Cl)cc1)C1Cc2ccccc2O1	ZINC72026978	73	89	79	46	67
O=C(Nc1ccc2nc[nH]c(=O)c2c1)C1CCCN1C(=O)c1cc(Cl)cc(Cl)c1	ZINC72047506	34	34	57	37	46
C=CCc1cc(C(=O)N(c2cccc(C#N)c2)C(C)C)cc(OC)c1OC	ZINC72060511	56	81	77	47	83
